Date,UpperBound_T1,UpperBound_T2,UpperBound_T3,Quant_T1,Quant_T2,Quant_T3,IRF_T1,IRF_T2,IRF_T3,Rate_Stab,Annuity_monthly_dollars,PayGo_monthly_dollars,IRF_revenue_needed,Opex_monthly_dollars,Monthly_assistance_dollars,fixed_fee_change,Quant_T1_upd,Quant_T2_upd,Quant_T3_upd,IRF_T1_upd,IRF_T2_upd,IRF_T3_upd,Quant_T1_upd_inc_inf1,Quant_T2_upd_inc_inf1,Quant_T3_upd_inc_inf1,IRF_T1_upd_inc_inf1,IRF_T2_upd_inc_inf1,IRF_T3_upd_inc_inf1,Quant_T1_upd_inc_inf2,Quant_T2_upd_inc_inf2,Quant_T3_upd_inc_inf2,IRF_T1_upd_inc_inf2,IRF_T2_upd_inc_inf2,IRF_T3_upd_inc_inf2,demand_t1,demand_t2,demand_t3
2020-10-01,5.0,9.0,9999.0,7.33,9.9,12.1,2.3,4.37,6.9,1.0,0.0,0.0,0.0,0.0,0.0,0.0,7.33,9.9,12.1,2.3,4.37,6.9,0.0,0.0,0.0,0.0,0.0,0.0,0.0,0.0,0.0,0.0,0.0,0.0,85076.71548150707,21208.244470171925,5822.216282951909
2020-11-01,5.0,9.0,9999.0,7.33,9.9,12.1,2.3,4.37,6.9,1.0,0.0,0.0,0.0,0.0,0.0,0.0,7.33,9.9,12.1,2.3,4.37,6.9,0.0,0.0,0.0,0.0,0.0,0.0,0.0,0.0,0.0,0.0,0.0,0.0,76447.80162040539,16132.97539634018,4399.129394659616
2020-12-01,5.0,9.0,9999.0,7.33,9.9,12.1,2.3,4.37,6.9,1.0,0.0,0.0,0.0,0.0,0.0,0.0,7.33,9.9,12.1,2.3,4.37,6.9,0.0,0.0,0.0,0.0,0.0,0.0,0.0,0.0,0.0,0.0,0.0,0.0,71661.59138734426,13972.725400100735,3822.7453824979766
2021-01-01,5.0,9.0,9999.0,7.33,9.9,12.1,2.3,4.37,6.9,1.0,0.0,0.0,0.0,0.0,0.0,0.0,7.33,9.9,12.1,2.3,4.37,6.9,0.0,0.0,0.0,0.0,0.0,0.0,0.0,0.0,0.0,0.0,0.0,0.0,72498.86186530942,14323.892548633929,3914.3616286625456
2021-02-01,5.0,9.0,9999.0,7.33,9.9,12.1,2.3,4.37,6.9,1.0,0.0,0.0,0.0,0.0,0.0,0.0,7.33,9.9,12.1,2.3,4.37,6.9,0.0,0.0,0.0,0.0,0.0,0.0,0.0,0.0,0.0,0.0,0.0,0.0,73984.33299647555,14971.020198164713,4086.854562983334
2021-03-01,5.0,9.0,9999.0,7.33,9.9,12.1,2.3,4.37,6.9,1.0,0.0,0.0,0.0,0.0,0.0,0.0,7.33,9.9,12.1,2.3,4.37,6.9,0.0,0.0,0.0,0.0,0.0,0.0,0.0,0.0,0.0,0.0,0.0,0.0,78177.6972299027,17013.937823169414,4637.2781630168665
2021-04-01,5.0,9.0,9999.0,7.33,9.9,12.1,2.3,4.37,6.9,1.0,0.0,0.0,0.0,0.0,0.0,0.0,7.33,9.9,12.1,2.3,4.37,6.9,0.0,0.0,0.0,0.0,0.0,0.0,0.0,0.0,0.0,0.0,0.0,0.0,80654.63588537193,18384.5059352412,5012.162011725749
2021-05-01,5.0,9.0,9999.0,7.33,9.9,12.1,2.3,4.37,6.9,1.0,0.0,0.0,0.0,0.0,0.0,0.0,7.33,9.9,12.1,2.3,4.37,6.9,0.0,0.0,0.0,0.0,0.0,0.0,0.0,0.0,0.0,0.0,0.0,0.0,85154.20588760401,21262.569961450048,5838.304102164919
2021-06-01,5.0,9.0,9999.0,7.33,9.9,12.1,2.3,4.37,6.9,1.0,0.0,0.0,0.0,0.0,0.0,0.0,7.33,9.9,12.1,2.3,4.37,6.9,0.0,0.0,0.0,0.0,0.0,0.0,0.0,0.0,0.0,0.0,0.0,0.0,88088.04896474999,23475.599466514715,6508.036956611537
2021-07-01,5.0,9.0,9999.0,7.33,9.9,12.1,2.3,4.37,6.9,1.0,0.0,0.0,0.0,0.0,0.0,0.0,7.33,9.9,12.1,2.3,4.37,6.9,0.0,0.0,0.0,0.0,0.0,0.0,0.0,0.0,0.0,0.0,0.0,0.0,90452.38240190512,25523.220883239977,7166.992599023497
2021-08-01,5.0,9.0,9999.0,7.33,9.9,12.1,2.3,4.37,6.9,1.0,0.0,0.0,0.0,0.0,0.0,0.0,7.33,9.9,12.1,2.3,4.37,6.9,0.0,0.0,0.0,0.0,0.0,0.0,0.0,0.0,0.0,0.0,0.0,0.0,89340.88303418299,24526.45971628997,6840.999604991652
2021-09-01,5.0,9.0,9999.0,7.33,9.9,12.1,2.3,4.37,6.9,1.0,0.0,0.0,0.0,0.0,0.0,0.0,7.33,9.9,12.1,2.3,4.37,6.9,0.0,0.0,0.0,0.0,0.0,0.0,0.0,0.0,0.0,0.0,0.0,0.0,91769.0684887617,26790.55017535808,7590.358675973839
2021-10-01,5.0,9.0,9999.0,7.33,9.9,12.1,2.3,4.37,6.9,1.0,0.0,0.0,0.0,0.0,0.0,0.0,7.33,9.9,12.1,2.3,4.37,6.9,0.0,0.0,0.0,0.0,0.0,0.0,0.0,0.0,0.0,0.0,0.0,0.0,85170.83788862631,21274.217403768806,5841.763323756634
2021-11-01,5.0,9.0,9999.0,7.33,9.9,12.1,2.3,4.37,6.9,1.0,0.0,0.0,0.0,0.0,0.0,0.0,7.33,9.9,12.1,2.3,4.37,6.9,0.0,0.0,0.0,0.0,0.0,0.0,0.0,0.0,0.0,0.0,0.0,0.0,77102.70750448114,16460.67493246505,4487.579865797316
2021-12-01,5.0,9.0,9999.0,7.33,9.9,12.1,2.3,4.37,6.9,1.0,0.0,0.0,0.0,0.0,0.0,0.0,7.33,9.9,12.1,2.3,4.37,6.9,0.0,0.0,0.0,0.0,0.0,0.0,0.0,0.0,0.0,0.0,0.0,0.0,74147.19052751618,15044.48828115796,4106.5012638347525
2022-01-01,5.0,9.0,9999.0,7.33,9.9,12.1,2.3,4.37,6.9,1.0,0.0,0.0,0.0,0.0,0.0,0.0,7.33,9.9,12.1,2.3,4.37,6.9,0.0,0.0,0.0,0.0,0.0,0.0,0.0,0.0,0.0,0.0,0.0,0.0,74705.71599878247,15299.57145465158,4175.023545599357
2022-02-01,5.0,9.0,9999.0,7.33,9.9,12.1,2.3,4.37,6.9,1.0,0.0,0.0,0.0,0.0,0.0,0.0,7.33,9.9,12.1,2.3,4.37,6.9,0.0,0.0,0.0,0.0,0.0,0.0,0.0,0.0,0.0,0.0,0.0,0.0,73876.65741884496,14922.707140708908,4073.9502128799104
2022-03-01,5.0,9.0,9999.0,7.33,9.9,12.1,2.3,4.37,6.9,1.0,0.0,0.0,0.0,0.0,0.0,0.0,7.33,9.9,12.1,2.3,4.37,6.9,0.0,0.0,0.0,0.0,0.0,0.0,0.0,0.0,0.0,0.0,0.0,0.0,79704.16819493269,17842.380506274003,4862.236126532146
2022-04-01,5.0,9.0,9999.0,7.33,9.9,12.1,2.3,4.37,6.9,1.0,0.0,0.0,0.0,0.0,0.0,0.0,7.33,9.9,12.1,2.3,4.37,6.9,0.0,0.0,0.0,0.0,0.0,0.0,0.0,0.0,0.0,0.0,0.0,0.0,80492.41669108915,18290.30040222733,4985.84862189113
2022-05-01,5.0,9.0,9999.0,7.33,9.9,12.1,2.3,4.37,6.9,1.0,0.0,0.0,0.0,0.0,0.0,0.0,7.33,9.9,12.1,2.3,4.37,6.9,0.0,0.0,0.0,0.0,0.0,0.0,0.0,0.0,0.0,0.0,0.0,0.0,83114.2774903739,19890.100319201123,5437.743076943367
2022-06-01,5.0,9.0,9999.0,7.33,9.9,12.1,2.3,4.37,6.9,1.0,0.0,0.0,0.0,0.0,0.0,0.0,7.33,9.9,12.1,2.3,4.37,6.9,0.0,0.0,0.0,0.0,0.0,0.0,0.0,0.0,0.0,0.0,0.0,0.0,87473.12098358783,22983.24557397235,6356.2452350857175
2022-07-01,5.0,9.0,9999.0,7.33,9.9,12.1,2.3,4.37,6.9,1.0,0.0,0.0,0.0,0.0,0.0,0.0,7.33,9.9,12.1,2.3,4.37,6.9,0.0,0.0,0.0,0.0,0.0,0.0,0.0,0.0,0.0,0.0,0.0,0.0,86579.16023816452,22295.077494105328,6147.264238423867
2022-08-01,5.0,9.0,9999.0,7.33,9.9,12.1,2.3,4.37,6.9,1.0,0.0,0.0,0.0,0.0,0.0,0.0,7.33,9.9,12.1,2.3,4.37,6.9,0.0,0.0,0.0,0.0,0.0,0.0,0.0,0.0,0.0,0.0,0.0,0.0,89464.2514459612,24633.803273665057,6875.77524347085
2022-09-01,5.0,9.0,9999.0,7.33,9.9,12.1,2.3,4.37,6.9,1.0,0.0,0.0,0.0,0.0,0.0,0.0,7.33,9.9,12.1,2.3,4.37,6.9,0.0,0.0,0.0,0.0,0.0,0.0,0.0,0.0,0.0,0.0,0.0,0.0,87932.63459959994,23349.526215453006,6469.071934726144
2022-10-01,5.0,9.0,9999.0,7.33,9.9,12.1,2.3,4.37,6.9,1.0,0.0,0.0,0.0,0.0,0.0,0.0,7.33,9.9,12.1,2.3,4.37,6.9,0.0,0.0,0.0,0.0,0.0,0.0,0.0,0.0,0.0,0.0,0.0,0.0,80395.84439015928,18234.624732850487,4970.330653424925
2022-11-01,5.0,9.0,9999.0,7.33,9.9,12.1,2.3,4.37,6.9,1.0,0.0,0.0,0.0,0.0,0.0,0.0,7.33,9.9,12.1,2.3,4.37,6.9,0.0,0.0,0.0,0.0,0.0,0.0,0.0,0.0,0.0,0.0,0.0,0.0,75765.31187064109,15798.595148739496,4309.092086767993
2022-12-01,5.0,9.0,9999.0,7.33,9.9,12.1,2.3,4.37,6.9,1.0,0.0,0.0,0.0,0.0,0.0,0.0,7.33,9.9,12.1,2.3,4.37,6.9,0.0,0.0,0.0,0.0,0.0,0.0,0.0,0.0,0.0,0.0,0.0,0.0,70412.90383440178,13468.91697516892,3691.3697007467604
2023-01-01,5.0,9.0,9999.0,7.33,9.9,12.1,2.3,4.37,6.9,1.0,0.0,0.0,0.0,0.0,0.0,0.0,7.33,9.9,12.1,2.3,4.37,6.9,0.0,0.0,0.0,0.0,0.0,0.0,0.0,0.0,0.0,0.0,0.0,0.0,71708.84253474265,13992.26761656454,3827.842664013152
2023-02-01,5.0,9.0,9999.0,7.33,9.9,12.1,2.3,4.37,6.9,1.0,0.0,0.0,0.0,0.0,0.0,0.0,7.33,9.9,12.1,2.3,4.37,6.9,0.0,0.0,0.0,0.0,0.0,0.0,0.0,0.0,0.0,0.0,0.0,0.0,77005.9416623429,16411.897012743193,4474.405654814076
2023-03-01,5.0,9.0,9999.0,7.33,9.9,12.1,2.3,4.37,6.9,1.0,0.0,0.0,0.0,0.0,0.0,0.0,7.33,9.9,12.1,2.3,4.37,6.9,0.0,0.0,0.0,0.0,0.0,0.0,0.0,0.0,0.0,0.0,0.0,0.0,79600.17274024645,17784.23935682966,4846.382446301446
2023-04-01,5.0,9.0,9999.0,7.33,9.9,12.1,2.3,4.37,6.9,1.0,0.0,0.0,0.0,0.0,0.0,0.0,7.33,9.9,12.1,2.3,4.37,6.9,0.0,0.0,0.0,0.0,0.0,0.0,0.0,0.0,0.0,0.0,0.0,0.0,78817.92326671234,17355.40036468452,4729.823715235942
2023-05-01,5.0,9.0,9999.0,7.33,9.9,12.1,2.3,4.37,6.9,1.0,0.0,0.0,0.0,0.0,0.0,0.0,7.33,9.9,12.1,2.3,4.37,6.9,0.0,0.0,0.0,0.0,0.0,0.0,0.0,0.0,0.0,0.0,0.0,0.0,82301.41257180217,19375.067396726277,5290.839101704142
2023-06-01,5.0,9.0,9999.0,7.33,9.9,12.1,2.3,4.37,6.9,1.0,0.0,0.0,0.0,0.0,0.0,0.0,7.33,9.9,12.1,2.3,4.37,6.9,0.0,0.0,0.0,0.0,0.0,0.0,0.0,0.0,0.0,0.0,0.0,0.0,86690.66714660406,22379.13776786561,6172.493847676617
2023-07-01,5.0,9.0,9999.0,7.33,9.9,12.1,2.3,4.37,6.9,1.0,0.0,0.0,0.0,0.0,0.0,0.0,7.33,9.9,12.1,2.3,4.37,6.9,0.0,0.0,0.0,0.0,0.0,0.0,0.0,0.0,0.0,0.0,0.0,0.0,87739.9772373249,23194.99548421272,6421.430627827199
2023-08-01,5.0,9.0,9999.0,7.33,9.9,12.1,2.3,4.37,6.9,1.0,0.0,0.0,0.0,0.0,0.0,0.0,7.33,9.9,12.1,2.3,4.37,6.9,0.0,0.0,0.0,0.0,0.0,0.0,0.0,0.0,0.0,0.0,0.0,0.0,87599.38924651756,23083.089879890194,6386.963954456505
2023-09-01,5.0,9.0,9999.0,7.33,9.9,12.1,2.3,4.37,6.9,1.0,0.0,0.0,0.0,0.0,0.0,0.0,7.33,9.9,12.1,2.3,4.37,6.9,0.0,0.0,0.0,0.0,0.0,0.0,0.0,0.0,0.0,0.0,0.0,0.0,85930.49610602524,21816.078113934098,6003.654598264132
2023-10-01,5.0,9.0,9999.0,7.33,9.9,12.1,2.3,4.37,6.9,1.0,0.0,0.0,0.0,0.0,0.0,0.0,7.33,9.9,12.1,2.3,4.37,6.9,0.0,0.0,0.0,0.0,0.0,0.0,0.0,0.0,0.0,0.0,0.0,0.0,83436.30594397482,20099.077372896587,5497.905094029751
2023-11-01,5.0,9.0,9999.0,7.33,9.9,12.1,2.3,4.37,6.9,1.0,0.0,0.0,0.0,0.0,0.0,0.0,7.33,9.9,12.1,2.3,4.37,6.9,0.0,0.0,0.0,0.0,0.0,0.0,0.0,0.0,0.0,0.0,0.0,0.0,77939.92920174939,16889.509312119713,4603.62857344472
2023-12-01,5.0,9.0,9999.0,7.33,9.9,12.1,2.3,4.37,6.9,1.0,0.0,0.0,0.0,0.0,0.0,0.0,7.33,9.9,12.1,2.3,4.37,6.9,0.0,0.0,0.0,0.0,0.0,0.0,0.0,0.0,0.0,0.0,0.0,0.0,77109.85505930665,16464.281600725684,4488.554216058104
2024-01-01,5.0,9.0,9999.0,7.33,9.9,12.1,2.3,4.37,6.9,1.0,0.0,0.0,0.0,0.0,0.0,0.0,7.33,9.9,12.1,2.3,4.37,6.9,0.0,0.0,0.0,0.0,0.0,0.0,0.0,0.0,0.0,0.0,0.0,0.0,73056.08344098658,14562.302924123791,3977.4516091176233
2024-02-01,5.0,9.0,9999.0,7.33,9.9,12.1,2.3,4.37,6.9,1.0,0.0,0.0,0.0,0.0,0.0,0.0,7.33,9.9,12.1,2.3,4.37,6.9,0.0,0.0,0.0,0.0,0.0,0.0,0.0,0.0,0.0,0.0,0.0,0.0,77314.40722213779,16567.895690020207,4516.577040783845
2024-03-01,5.0,9.0,9999.0,7.33,9.9,12.1,2.3,4.37,6.9,1.0,0.0,0.0,0.0,0.0,0.0,0.0,7.33,9.9,12.1,2.3,4.37,6.9,0.0,0.0,0.0,0.0,0.0,0.0,0.0,0.0,0.0,0.0,0.0,0.0,77868.54958899718,16852.447772030886,4593.581832437482
2024-04-01,5.0,9.0,9999.0,7.33,9.9,12.1,2.3,4.37,6.9,1.0,0.0,0.0,0.0,0.0,0.0,0.0,7.33,9.9,12.1,2.3,4.37,6.9,0.0,0.0,0.0,0.0,0.0,0.0,0.0,0.0,0.0,0.0,0.0,0.0,78350.74282931413,17105.312611814516,4662.037512820055
2024-05-01,5.0,9.0,9999.0,7.33,9.9,12.1,2.3,4.37,6.9,1.0,0.0,0.0,0.0,0.0,0.0,0.0,7.33,9.9,12.1,2.3,4.37,6.9,0.0,0.0,0.0,0.0,0.0,0.0,0.0,0.0,0.0,0.0,0.0,0.0,83612.6973213039,20214.803780709844,5531.346644554643
2024-06-01,5.0,9.0,9999.0,7.33,9.9,12.1,2.3,4.37,6.9,1.0,0.0,0.0,0.0,0.0,0.0,0.0,7.33,9.9,12.1,2.3,4.37,6.9,0.0,0.0,0.0,0.0,0.0,0.0,0.0,0.0,0.0,0.0,0.0,0.0,85827.1079349326,21741.25625675171,5981.160304927897
2024-07-01,5.0,9.0,9999.0,7.33,9.9,12.1,2.3,4.37,6.9,1.0,0.0,0.0,0.0,0.0,0.0,0.0,7.33,9.9,12.1,2.3,4.37,6.9,0.0,0.0,0.0,0.0,0.0,0.0,0.0,0.0,0.0,0.0,0.0,0.0,87619.79831244666,23099.29252072434,6391.952608662157
2024-08-01,5.0,9.0,9999.0,7.33,9.9,12.1,2.3,4.37,6.9,1.0,0.0,0.0,0.0,0.0,0.0,0.0,7.33,9.9,12.1,2.3,4.37,6.9,0.0,0.0,0.0,0.0,0.0,0.0,0.0,0.0,0.0,0.0,0.0,0.0,88454.94003721603,23776.84296568553,6602.0757625855895
2024-09-01,5.0,9.0,9999.0,7.33,9.9,12.1,2.3,4.37,6.9,1.0,0.0,0.0,0.0,0.0,0.0,0.0,7.33,9.9,12.1,2.3,4.37,6.9,0.0,0.0,0.0,0.0,0.0,0.0,0.0,0.0,0.0,0.0,0.0,0.0,87065.38533503727,22665.217609287567,6258.9950028261155
2024-10-01,5.0,9.0,9999.0,7.33,9.9,12.1,2.3,4.37,6.9,1.0,0.0,0.0,0.0,0.0,0.0,0.0,7.33,9.9,12.1,2.3,4.37,6.9,0.0,0.0,0.0,0.0,0.0,0.0,0.0,0.0,0.0,0.0,0.0,0.0,85384.13948617721,21424.400928030187,5886.409847488424
2024-11-01,5.0,9.0,9999.0,7.33,9.9,12.1,2.3,4.37,6.9,1.0,0.0,0.0,0.0,0.0,0.0,0.0,7.33,9.9,12.1,2.3,4.37,6.9,0.0,0.0,0.0,0.0,0.0,0.0,0.0,0.0,0.0,0.0,0.0,0.0,80172.70441024037,18106.89670024838,4934.946622160755
2024-12-01,5.0,9.0,9999.0,7.33,9.9,12.1,2.3,4.37,6.9,1.0,0.0,0.0,0.0,0.0,0.0,0.0,7.33,9.9,12.1,2.3,4.37,6.9,0.0,0.0,0.0,0.0,0.0,0.0,0.0,0.0,0.0,0.0,0.0,0.0,77231.6756476547,16525.916541421,4505.2233544792225
2025-01-01,5.0,9.0,9999.0,7.33,9.9,12.1,2.3,4.37,6.9,1.0,0.0,0.0,0.0,0.0,0.0,0.0,7.33,9.9,12.1,2.3,4.37,6.9,0.0,0.0,0.0,0.0,0.0,0.0,0.0,0.0,0.0,0.0,0.0,0.0,76695.82183674871,16256.393857532245,4432.374465026509
2025-02-01,5.0,9.0,9999.0,7.33,9.9,12.1,2.3,4.37,6.9,1.0,0.0,0.0,0.0,0.0,0.0,0.0,7.33,9.9,12.1,2.3,4.37,6.9,0.0,0.0,0.0,0.0,0.0,0.0,0.0,0.0,0.0,0.0,0.0,0.0,77516.78361312045,16671.086639846395,4544.53520748284
2025-03-01,5.0,9.0,9999.0,7.33,9.9,12.1,2.3,4.37,6.9,1.0,0.0,0.0,0.0,0.0,0.0,0.0,7.33,9.9,12.1,2.3,4.37,6.9,0.0,0.0,0.0,0.0,0.0,0.0,0.0,0.0,0.0,0.0,0.0,0.0,81068.66996000572,18627.112734577204,5080.059985239494
2025-04-01,5.0,9.0,9999.0,7.33,9.9,12.1,2.3,4.37,6.9,1.0,0.0,0.0,0.0,0.0,0.0,0.0,7.33,9.9,12.1,2.3,4.37,6.9,0.0,0.0,0.0,0.0,0.0,0.0,0.0,0.0,0.0,0.0,0.0,0.0,79507.10461621388,17732.460093306578,4832.316620168483
2025-05-01,5.0,9.0,9999.0,7.33,9.9,12.1,2.3,4.37,6.9,1.0,0.0,0.0,0.0,0.0,0.0,0.0,7.33,9.9,12.1,2.3,4.37,6.9,0.0,0.0,0.0,0.0,0.0,0.0,0.0,0.0,0.0,0.0,0.0,0.0,86743.86789433387,22419.474971122876,6184.624104273754
2025-06-01,5.0,9.0,9999.0,7.33,9.9,12.1,2.3,4.37,6.9,1.0,0.0,0.0,0.0,0.0,0.0,0.0,7.33,9.9,12.1,2.3,4.37,6.9,0.0,0.0,0.0,0.0,0.0,0.0,0.0,0.0,0.0,0.0,0.0,0.0,87599.26200638537,23082.988896281397,6386.932857674159
2025-07-01,5.0,9.0,9999.0,7.33,9.9,12.1,2.3,4.37,6.9,1.0,0.0,0.0,0.0,0.0,0.0,0.0,7.33,9.9,12.1,2.3,4.37,6.9,0.0,0.0,0.0,0.0,0.0,0.0,0.0,0.0,0.0,0.0,0.0,0.0,89565.46020785358,24722.428810686048,6904.484200568029
2025-08-01,5.0,9.0,9999.0,7.33,9.9,12.1,2.3,4.37,6.9,1.0,0.0,0.0,0.0,0.0,0.0,0.0,7.33,9.9,12.1,2.3,4.37,6.9,0.0,0.0,0.0,0.0,0.0,0.0,0.0,0.0,0.0,0.0,0.0,0.0,89760.1395932201,24894.635258661794,6960.476112559797
2025-09-01,5.0,9.0,9999.0,7.33,9.9,12.1,2.3,4.37,6.9,1.0,0.0,0.0,0.0,0.0,0.0,0.0,7.33,9.9,12.1,2.3,4.37,6.9,0.0,0.0,0.0,0.0,0.0,0.0,0.0,0.0,0.0,0.0,0.0,0.0,88828.42367098501,24088.58956907604,6700.355333739139
2025-10-01,5.0,9.0,9999.0,7.33,9.9,12.1,2.3,4.37,6.9,1.0,0.0,0.0,0.0,0.0,0.0,0.0,7.33,9.9,12.1,2.3,4.37,6.9,0.0,0.0,0.0,0.0,0.0,0.0,0.0,0.0,0.0,0.0,0.0,0.0,85165.50564956765,21270.4823799385,5840.6540834831185
2025-11-01,5.0,9.0,9999.0,7.33,9.9,12.1,2.3,4.37,6.9,1.0,0.0,0.0,0.0,0.0,0.0,0.0,7.33,9.9,12.1,2.3,4.37,6.9,0.0,0.0,0.0,0.0,0.0,0.0,0.0,0.0,0.0,0.0,0.0,0.0,77816.09514827482,16825.260627843138,4586.213626598507
2025-12-01,5.0,9.0,9999.0,7.33,9.9,12.1,2.3,4.37,6.9,1.0,0.0,0.0,0.0,0.0,0.0,0.0,7.33,9.9,12.1,2.3,4.37,6.9,0.0,0.0,0.0,0.0,0.0,0.0,0.0,0.0,0.0,0.0,0.0,0.0,75041.37349503947,15455.271700328043,4216.744529607257
2026-01-01,5.0,9.0,9999.0,7.33,9.9,12.1,2.3,4.37,6.9,1.0,0.0,0.0,0.0,0.0,0.0,0.0,7.33,9.9,12.1,2.3,4.37,6.9,0.0,0.0,0.0,0.0,0.0,0.0,0.0,0.0,0.0,0.0,0.0,0.0,74203.18869074383,15069.840799286798,4113.302277510064
2026-02-01,5.0,9.0,9999.0,7.33,9.9,12.1,2.3,4.37,6.9,1.0,0.0,0.0,0.0,0.0,0.0,0.0,7.33,9.9,12.1,2.3,4.37,6.9,0.0,0.0,0.0,0.0,0.0,0.0,0.0,0.0,0.0,0.0,0.0,0.0,77896.61326049596,16867.010728233592,4597.529954754626
2026-03-01,5.0,9.0,9999.0,7.33,9.9,12.1,2.3,4.37,6.9,1.0,0.0,0.0,0.0,0.0,0.0,0.0,7.33,9.9,12.1,2.3,4.37,6.9,0.0,0.0,0.0,0.0,0.0,0.0,0.0,0.0,0.0,0.0,0.0,0.0,79794.35251051026,17892.901680572075,4876.071355266821
2026-04-01,5.0,9.0,9999.0,7.33,9.9,12.1,2.3,4.37,6.9,1.0,0.0,0.0,0.0,0.0,0.0,0.0,7.33,9.9,12.1,2.3,4.37,6.9,0.0,0.0,0.0,0.0,0.0,0.0,0.0,0.0,0.0,0.0,0.0,0.0,77156.08898712952,16487.651983852676,4494.87049889807
2026-05-01,5.0,9.0,9999.0,7.33,9.9,12.1,2.3,4.37,6.9,1.0,0.0,0.0,0.0,0.0,0.0,0.0,7.33,9.9,12.1,2.3,4.37,6.9,0.0,0.0,0.0,0.0,0.0,0.0,0.0,0.0,0.0,0.0,0.0,0.0,83315.85527426952,20020.580922284295,5475.2813987870195
2026-06-01,5.0,9.0,9999.0,7.33,9.9,12.1,2.3,4.37,6.9,1.0,0.0,0.0,0.0,0.0,0.0,0.0,7.33,9.9,12.1,2.3,4.37,6.9,0.0,0.0,0.0,0.0,0.0,0.0,0.0,0.0,0.0,0.0,0.0,0.0,85667.03047357097,21626.010068683056,5946.593791055893
2026-07-01,5.0,9.0,9999.0,7.33,9.9,12.1,2.3,4.37,6.9,1.0,0.0,0.0,0.0,0.0,0.0,0.0,7.33,9.9,12.1,2.3,4.37,6.9,0.0,0.0,0.0,0.0,0.0,0.0,0.0,0.0,0.0,0.0,0.0,0.0,87454.92222287437,22968.902046223055,6351.841200102352
2026-08-01,5.0,9.0,9999.0,7.33,9.9,12.1,2.3,4.37,6.9,1.0,0.0,0.0,0.0,0.0,0.0,0.0,7.33,9.9,12.1,2.3,4.37,6.9,0.0,0.0,0.0,0.0,0.0,0.0,0.0,0.0,0.0,0.0,0.0,0.0,90292.2627041253,25375.59900441933,7118.283501539618
2026-09-01,5.0,9.0,9999.0,7.33,9.9,12.1,2.3,4.37,6.9,1.0,0.0,0.0,0.0,0.0,0.0,0.0,7.33,9.9,12.1,2.3,4.37,6.9,0.0,0.0,0.0,0.0,0.0,0.0,0.0,0.0,0.0,0.0,0.0,0.0,89026.68774547896,24256.35597390549,6753.871577484983
2026-10-01,5.0,9.0,9999.0,7.33,9.9,12.1,2.3,4.37,6.9,1.0,0.0,0.0,0.0,0.0,0.0,0.0,7.33,9.9,12.1,2.3,4.37,6.9,0.0,0.0,0.0,0.0,0.0,0.0,0.0,0.0,0.0,0.0,0.0,0.0,81337.14824198974,18786.35128498707,5124.900374394106
2026-11-01,5.0,9.0,9999.0,7.33,9.9,12.1,2.3,4.37,6.9,1.0,0.0,0.0,0.0,0.0,0.0,0.0,7.33,9.9,12.1,2.3,4.37,6.9,0.0,0.0,0.0,0.0,0.0,0.0,0.0,0.0,0.0,0.0,0.0,0.0,78702.95734596394,17293.426165409222,4713.002464230697
2026-12-01,5.0,9.0,9999.0,7.33,9.9,12.1,2.3,4.37,6.9,1.0,0.0,0.0,0.0,0.0,0.0,0.0,7.33,9.9,12.1,2.3,4.37,6.9,0.0,0.0,0.0,0.0,0.0,0.0,0.0,0.0,0.0,0.0,0.0,0.0,75939.45404739857,15882.921551316125,4331.830968798636
2027-01-01,5.0,9.0,9999.0,7.33,9.9,12.1,2.3,4.37,6.9,1.0,0.0,0.0,0.0,0.0,0.0,0.0,7.33,9.9,12.1,2.3,4.37,6.9,0.0,0.0,0.0,0.0,0.0,0.0,0.0,0.0,0.0,0.0,0.0,0.0,71837.57353734477,14045.756433350616,3841.77271749827
2027-02-01,5.0,9.0,9999.0,7.33,9.9,12.1,2.3,4.37,6.9,1.0,0.0,0.0,0.0,0.0,0.0,0.0,7.33,9.9,12.1,2.3,4.37,6.9,0.0,0.0,0.0,0.0,0.0,0.0,0.0,0.0,0.0,0.0,0.0,0.0,77421.90452413949,16622.633007709348,4531.402592123052
2027-03-01,5.0,9.0,9999.0,7.33,9.9,12.1,2.3,4.37,6.9,1.0,0.0,0.0,0.0,0.0,0.0,0.0,7.33,9.9,12.1,2.3,4.37,6.9,0.0,0.0,0.0,0.0,0.0,0.0,0.0,0.0,0.0,0.0,0.0,0.0,75063.30198772193,15465.489881105888,4219.485278563172
2027-04-01,5.0,9.0,9999.0,7.33,9.9,12.1,2.3,4.37,6.9,1.0,0.0,0.0,0.0,0.0,0.0,0.0,7.33,9.9,12.1,2.3,4.37,6.9,0.0,0.0,0.0,0.0,0.0,0.0,0.0,0.0,0.0,0.0,0.0,0.0,79718.48390785465,17850.390093884092,4864.426988950358
2027-05-01,5.0,9.0,9999.0,7.33,9.9,12.1,2.3,4.37,6.9,1.0,0.0,0.0,0.0,0.0,0.0,0.0,7.33,9.9,12.1,2.3,4.37,6.9,0.0,0.0,0.0,0.0,0.0,0.0,0.0,0.0,0.0,0.0,0.0,0.0,83417.49440893404,20086.794130237384,5494.361558413144
2027-06-01,5.0,9.0,9999.0,7.33,9.9,12.1,2.3,4.37,6.9,1.0,0.0,0.0,0.0,0.0,0.0,0.0,7.33,9.9,12.1,2.3,4.37,6.9,0.0,0.0,0.0,0.0,0.0,0.0,0.0,0.0,0.0,0.0,0.0,0.0,85779.94774662783,21707.211485899745,5970.9354909315
2027-07-01,5.0,9.0,9999.0,7.33,9.9,12.1,2.3,4.37,6.9,1.0,0.0,0.0,0.0,0.0,0.0,0.0,7.33,9.9,12.1,2.3,4.37,6.9,0.0,0.0,0.0,0.0,0.0,0.0,0.0,0.0,0.0,0.0,0.0,0.0,88801.7918265931,24066.146556589512,6693.249973820547
2027-08-01,5.0,9.0,9999.0,7.33,9.9,12.1,2.3,4.37,6.9,1.0,0.0,0.0,0.0,0.0,0.0,0.0,7.33,9.9,12.1,2.3,4.37,6.9,0.0,0.0,0.0,0.0,0.0,0.0,0.0,0.0,0.0,0.0,0.0,0.0,90189.73479231047,25281.834073722068,7087.354119471972
2027-09-01,5.0,9.0,9999.0,7.33,9.9,12.1,2.3,4.37,6.9,1.0,0.0,0.0,0.0,0.0,0.0,0.0,7.33,9.9,12.1,2.3,4.37,6.9,0.0,0.0,0.0,0.0,0.0,0.0,0.0,0.0,0.0,0.0,0.0,0.0,87888.1053898646,23313.622031942396,6458.005491487345
2027-10-01,5.0,9.0,9999.0,7.33,9.9,12.1,2.3,4.37,6.9,1.0,0.0,0.0,0.0,0.0,0.0,0.0,7.33,9.9,12.1,2.3,4.37,6.9,0.0,0.0,0.0,0.0,0.0,0.0,0.0,0.0,0.0,0.0,0.0,0.0,85433.98222698743,21459.74711132288,5896.933986871956
2027-11-01,5.0,9.0,9999.0,7.33,9.9,12.1,2.3,4.37,6.9,1.0,0.0,0.0,0.0,0.0,0.0,0.0,7.33,9.9,12.1,2.3,4.37,6.9,0.0,0.0,0.0,0.0,0.0,0.0,0.0,0.0,0.0,0.0,0.0,0.0,74984.16485033304,15428.647705276142,4209.603066842572
2027-12-01,5.0,9.0,9999.0,7.33,9.9,12.1,2.3,4.37,6.9,1.0,0.0,0.0,0.0,0.0,0.0,0.0,7.33,9.9,12.1,2.3,4.37,6.9,0.0,0.0,0.0,0.0,0.0,0.0,0.0,0.0,0.0,0.0,0.0,0.0,74435.68777064593,15175.751841715974,4141.764580178592
2028-01-01,5.0,9.0,9999.0,7.33,9.9,12.1,2.3,4.37,6.9,1.0,0.0,0.0,0.0,0.0,0.0,0.0,7.33,9.9,12.1,2.3,4.37,6.9,0.0,0.0,0.0,0.0,0.0,0.0,0.0,0.0,0.0,0.0,0.0,0.0,74334.82186494375,15129.74663317571,4129.381300281297
2028-02-01,5.0,9.0,9999.0,7.33,9.9,12.1,2.3,4.37,6.9,1.0,0.0,0.0,0.0,0.0,0.0,0.0,7.33,9.9,12.1,2.3,4.37,6.9,0.0,0.0,0.0,0.0,0.0,0.0,0.0,0.0,0.0,0.0,0.0,0.0,77096.61468027958,16457.601690604854,4486.749443795255
2028-03-01,5.0,9.0,9999.0,7.33,9.9,12.1,2.3,4.37,6.9,1.0,0.0,0.0,0.0,0.0,0.0,0.0,7.33,9.9,12.1,2.3,4.37,6.9,0.0,0.0,0.0,0.0,0.0,0.0,0.0,0.0,0.0,0.0,0.0,0.0,77261.04117132482,16540.801916134482,4509.251726204576
2028-04-01,5.0,9.0,9999.0,7.33,9.9,12.1,2.3,4.37,6.9,1.0,0.0,0.0,0.0,0.0,0.0,0.0,7.33,9.9,12.1,2.3,4.37,6.9,0.0,0.0,0.0,0.0,0.0,0.0,0.0,0.0,0.0,0.0,0.0,0.0,80519.27981273833,18305.85578568801,4990.189050652337
2028-05-01,5.0,9.0,9999.0,7.33,9.9,12.1,2.3,4.37,6.9,1.0,0.0,0.0,0.0,0.0,0.0,0.0,7.33,9.9,12.1,2.3,4.37,6.9,0.0,0.0,0.0,0.0,0.0,0.0,0.0,0.0,0.0,0.0,0.0,0.0,82905.5824700636,19756.02273233566,5399.349394965049
2028-06-01,5.0,9.0,9999.0,7.33,9.9,12.1,2.3,4.37,6.9,1.0,0.0,0.0,0.0,0.0,0.0,0.0,7.33,9.9,12.1,2.3,4.37,6.9,0.0,0.0,0.0,0.0,0.0,0.0,0.0,0.0,0.0,0.0,0.0,0.0,83882.81371347149,20393.363440531284,5583.156608214662
2028-07-01,5.0,9.0,9999.0,7.33,9.9,12.1,2.3,4.37,6.9,1.0,0.0,0.0,0.0,0.0,0.0,0.0,7.33,9.9,12.1,2.3,4.37,6.9,0.0,0.0,0.0,0.0,0.0,0.0,0.0,0.0,0.0,0.0,0.0,0.0,88014.15967003038,23415.538456091315,6489.444130315136
2028-08-01,5.0,9.0,9999.0,7.33,9.9,12.1,2.3,4.37,6.9,1.0,0.0,0.0,0.0,0.0,0.0,0.0,7.33,9.9,12.1,2.3,4.37,6.9,0.0,0.0,0.0,0.0,0.0,0.0,0.0,0.0,0.0,0.0,0.0,0.0,89817.26345577881,24945.60555516937,6977.109948096153
2028-09-01,5.0,9.0,9999.0,7.33,9.9,12.1,2.3,4.37,6.9,1.0,0.0,0.0,0.0,0.0,0.0,0.0,7.33,9.9,12.1,2.3,4.37,6.9,0.0,0.0,0.0,0.0,0.0,0.0,0.0,0.0,0.0,0.0,0.0,0.0,86014.86071490851,21877.488952003812,6022.090715372906
2028-10-01,5.0,9.0,9999.0,7.33,9.9,12.1,2.3,4.37,6.9,1.0,0.0,0.0,0.0,0.0,0.0,0.0,7.33,9.9,12.1,2.3,4.37,6.9,0.0,0.0,0.0,0.0,0.0,0.0,0.0,0.0,0.0,0.0,0.0,0.0,85935.1225003988,21819.438364872964,6004.663703447136
2028-11-01,5.0,9.0,9999.0,7.33,9.9,12.1,2.3,4.37,6.9,1.0,0.0,0.0,0.0,0.0,0.0,0.0,7.33,9.9,12.1,2.3,4.37,6.9,0.0,0.0,0.0,0.0,0.0,0.0,0.0,0.0,0.0,0.0,0.0,0.0,76942.40839055106,16379.93591654214,4465.772816958629
2028-12-01,5.0,9.0,9999.0,7.33,9.9,12.1,2.3,4.37,6.9,1.0,0.0,0.0,0.0,0.0,0.0,0.0,7.33,9.9,12.1,2.3,4.37,6.9,0.0,0.0,0.0,0.0,0.0,0.0,0.0,0.0,0.0,0.0,0.0,0.0,75041.37349503947,15455.271700328043,4216.744529607257
2029-01-01,5.0,9.0,9999.0,7.33,9.9,12.1,2.3,4.37,6.9,1.0,0.0,0.0,0.0,0.0,0.0,0.0,7.33,9.9,12.1,2.3,4.37,6.9,0.0,0.0,0.0,0.0,0.0,0.0,0.0,0.0,0.0,0.0,0.0,0.0,75069.77288565588,15468.509265788582,4220.294121134088
2029-02-01,5.0,9.0,9999.0,7.33,9.9,12.1,2.3,4.37,6.9,1.0,0.0,0.0,0.0,0.0,0.0,0.0,7.33,9.9,12.1,2.3,4.37,6.9,0.0,0.0,0.0,0.0,0.0,0.0,0.0,0.0,0.0,0.0,0.0,0.0,77411.15204134514,16617.153033949045,4529.915234875589
2029-03-01,5.0,9.0,9999.0,7.33,9.9,12.1,2.3,4.37,6.9,1.0,0.0,0.0,0.0,0.0,0.0,0.0,7.33,9.9,12.1,2.3,4.37,6.9,0.0,0.0,0.0,0.0,0.0,0.0,0.0,0.0,0.0,0.0,0.0,0.0,79793.36506071671,17892.347847322457,4875.919370969051
2029-04-01,5.0,9.0,9999.0,7.33,9.9,12.1,2.3,4.37,6.9,1.0,0.0,0.0,0.0,0.0,0.0,0.0,7.33,9.9,12.1,2.3,4.37,6.9,0.0,0.0,0.0,0.0,0.0,0.0,0.0,0.0,0.0,0.0,0.0,0.0,78697.628825383,17290.559862782255,4712.2246422894395
2029-05-01,5.0,9.0,9999.0,7.33,9.9,12.1,2.3,4.37,6.9,1.0,0.0,0.0,0.0,0.0,0.0,0.0,7.33,9.9,12.1,2.3,4.37,6.9,0.0,0.0,0.0,0.0,0.0,0.0,0.0,0.0,0.0,0.0,0.0,0.0,81145.95615865281,18672.725495289505,5092.904118219367
2029-06-01,5.0,9.0,9999.0,7.33,9.9,12.1,2.3,4.37,6.9,1.0,0.0,0.0,0.0,0.0,0.0,0.0,7.33,9.9,12.1,2.3,4.37,6.9,0.0,0.0,0.0,0.0,0.0,0.0,0.0,0.0,0.0,0.0,0.0,0.0,86643.67383537813,22343.616594169085,6161.833529350511
2029-07-01,5.0,9.0,9999.0,7.33,9.9,12.1,2.3,4.37,6.9,1.0,0.0,0.0,0.0,0.0,0.0,0.0,7.33,9.9,12.1,2.3,4.37,6.9,0.0,0.0,0.0,0.0,0.0,0.0,0.0,0.0,0.0,0.0,0.0,0.0,89643.41823798208,24791.07542611279,6926.761008512146
2029-08-01,5.0,9.0,9999.0,7.33,9.9,12.1,2.3,4.37,6.9,1.0,0.0,0.0,0.0,0.0,0.0,0.0,7.33,9.9,12.1,2.3,4.37,6.9,0.0,0.0,0.0,0.0,0.0,0.0,0.0,0.0,0.0,0.0,0.0,0.0,90362.97935870275,25440.69262426597,7139.7596007397715
2029-09-01,5.0,9.0,9999.0,7.33,9.9,12.1,2.3,4.37,6.9,1.0,0.0,0.0,0.0,0.0,0.0,0.0,7.33,9.9,12.1,2.3,4.37,6.9,0.0,0.0,0.0,0.0,0.0,0.0,0.0,0.0,0.0,0.0,0.0,0.0,91540.34489979663,26563.1738569492,7512.952581226403
2029-10-01,5.0,9.0,9999.0,7.33,9.9,12.1,2.3,4.37,6.9,1.0,0.0,0.0,0.0,0.0,0.0,0.0,7.33,9.9,12.1,2.3,4.37,6.9,0.0,0.0,0.0,0.0,0.0,0.0,0.0,0.0,0.0,0.0,0.0,0.0,81657.87580217129,18979.311752895203,5179.210326352134
2029-11-01,5.0,9.0,9999.0,7.33,9.9,12.1,2.3,4.37,6.9,1.0,0.0,0.0,0.0,0.0,0.0,0.0,7.33,9.9,12.1,2.3,4.37,6.9,0.0,0.0,0.0,0.0,0.0,0.0,0.0,0.0,0.0,0.0,0.0,0.0,77453.99093415208,16638.996869764964,4535.84252769424
2029-12-01,5.0,9.0,9999.0,7.33,9.9,12.1,2.3,4.37,6.9,1.0,0.0,0.0,0.0,0.0,0.0,0.0,7.33,9.9,12.1,2.3,4.37,6.9,0.0,0.0,0.0,0.0,0.0,0.0,0.0,0.0,0.0,0.0,0.0,0.0,71905.74967563977,14074.18244890195,3849.167584695458
2030-01-01,5.0,9.0,9999.0,7.33,9.9,12.1,2.3,4.37,6.9,1.0,0.0,0.0,0.0,0.0,0.0,0.0,7.33,9.9,12.1,2.3,4.37,6.9,0.0,0.0,0.0,0.0,0.0,0.0,0.0,0.0,0.0,0.0,0.0,0.0,72496.7721408053,14323.005925559131,3914.129419207618
2030-02-01,5.0,9.0,9999.0,7.33,9.9,12.1,2.3,4.37,6.9,1.0,0.0,0.0,0.0,0.0,0.0,0.0,7.33,9.9,12.1,2.3,4.37,6.9,0.0,0.0,0.0,0.0,0.0,0.0,0.0,0.0,0.0,0.0,0.0,0.0,72992.2619820399,14534.773864307017,3970.09017454813
2030-03-01,5.0,9.0,9999.0,7.33,9.9,12.1,2.3,4.37,6.9,1.0,0.0,0.0,0.0,0.0,0.0,0.0,7.33,9.9,12.1,2.3,4.37,6.9,0.0,0.0,0.0,0.0,0.0,0.0,0.0,0.0,0.0,0.0,0.0,0.0,76341.05507530792,16080.098714866737,4384.913991396942
2030-04-01,5.0,9.0,9999.0,7.33,9.9,12.1,2.3,4.37,6.9,1.0,0.0,0.0,0.0,0.0,0.0,0.0,7.33,9.9,12.1,2.3,4.37,6.9,0.0,0.0,0.0,0.0,0.0,0.0,0.0,0.0,0.0,0.0,0.0,0.0,78002.12168555729,16921.938066909555,4612.4019728578
2030-05-01,5.0,9.0,9999.0,7.33,9.9,12.1,2.3,4.37,6.9,1.0,0.0,0.0,0.0,0.0,0.0,0.0,7.33,9.9,12.1,2.3,4.37,6.9,0.0,0.0,0.0,0.0,0.0,0.0,0.0,0.0,0.0,0.0,0.0,0.0,83035.2570281881,19839.188431531955,5423.128280936649
2030-06-01,5.0,9.0,9999.0,7.33,9.9,12.1,2.3,4.37,6.9,1.0,0.0,0.0,0.0,0.0,0.0,0.0,7.33,9.9,12.1,2.3,4.37,6.9,0.0,0.0,0.0,0.0,0.0,0.0,0.0,0.0,0.0,0.0,0.0,0.0,84840.7818750416,21043.94352597186,5773.677189506442
2030-07-01,5.0,9.0,9999.0,7.33,9.9,12.1,2.3,4.37,6.9,1.0,0.0,0.0,0.0,0.0,0.0,0.0,7.33,9.9,12.1,2.3,4.37,6.9,0.0,0.0,0.0,0.0,0.0,0.0,0.0,0.0,0.0,0.0,0.0,0.0,86075.16831710296,21921.565959225627,6035.317827411547
2030-08-01,5.0,9.0,9999.0,7.33,9.9,12.1,2.3,4.37,6.9,1.0,0.0,0.0,0.0,0.0,0.0,0.0,7.33,9.9,12.1,2.3,4.37,6.9,0.0,0.0,0.0,0.0,0.0,0.0,0.0,0.0,0.0,0.0,0.0,0.0,85841.27320600631,21751.49611215328,5984.238930633266
2030-09-01,5.0,9.0,9999.0,7.33,9.9,12.1,2.3,4.37,6.9,1.0,0.0,0.0,0.0,0.0,0.0,0.0,7.33,9.9,12.1,2.3,4.37,6.9,0.0,0.0,0.0,0.0,0.0,0.0,0.0,0.0,0.0,0.0,0.0,0.0,86293.28965924625,22082.135047192136,6083.462438583286
2030-10-01,5.0,9.0,9999.0,7.33,9.9,12.1,2.3,4.37,6.9,1.0,0.0,0.0,0.0,0.0,0.0,0.0,7.33,9.9,12.1,2.3,4.37,6.9,0.0,0.0,0.0,0.0,0.0,0.0,0.0,0.0,0.0,0.0,0.0,0.0,82798.45811027204,19687.68888740312,5379.846690522712
2030-11-01,5.0,9.0,9999.0,7.33,9.9,12.1,2.3,4.37,6.9,1.0,0.0,0.0,0.0,0.0,0.0,0.0,7.33,9.9,12.1,2.3,4.37,6.9,0.0,0.0,0.0,0.0,0.0,0.0,0.0,0.0,0.0,0.0,0.0,0.0,74894.50822475668,15386.96206326934,4198.436550642318
2030-12-01,5.0,9.0,9999.0,7.33,9.9,12.1,2.3,4.37,6.9,1.0,0.0,0.0,0.0,0.0,0.0,0.0,7.33,9.9,12.1,2.3,4.37,6.9,0.0,0.0,0.0,0.0,0.0,0.0,0.0,0.0,0.0,0.0,0.0,0.0,72679.68835493275,14400.763204799225,3934.561898393402
2031-01-01,5.0,9.0,9999.0,7.33,9.9,12.1,2.3,4.37,6.9,1.0,0.0,0.0,0.0,0.0,0.0,0.0,7.33,9.9,12.1,2.3,4.37,6.9,0.0,0.0,0.0,0.0,0.0,0.0,0.0,0.0,0.0,0.0,0.0,0.0,75514.21235780245,15678.24416363785,4276.645582160164
2031-02-01,5.0,9.0,9999.0,7.33,9.9,12.1,2.3,4.37,6.9,1.0,0.0,0.0,0.0,0.0,0.0,0.0,7.33,9.9,12.1,2.3,4.37,6.9,0.0,0.0,0.0,0.0,0.0,0.0,0.0,0.0,0.0,0.0,0.0,0.0,74110.89650377553,15028.08557985266,4102.1071597147575
2031-03-01,5.0,9.0,9999.0,7.33,9.9,12.1,2.3,4.37,6.9,1.0,0.0,0.0,0.0,0.0,0.0,0.0,7.33,9.9,12.1,2.3,4.37,6.9,0.0,0.0,0.0,0.0,0.0,0.0,0.0,0.0,0.0,0.0,0.0,0.0,75547.74335355821,15694.212946639323,4280.94991793077
2031-04-01,5.0,9.0,9999.0,7.33,9.9,12.1,2.3,4.37,6.9,1.0,0.0,0.0,0.0,0.0,0.0,0.0,7.33,9.9,12.1,2.3,4.37,6.9,0.0,0.0,0.0,0.0,0.0,0.0,0.0,0.0,0.0,0.0,0.0,0.0,75810.14459252136,15820.22949439098,4314.927272483387
2031-05-01,5.0,9.0,9999.0,7.33,9.9,12.1,2.3,4.37,6.9,1.0,0.0,0.0,0.0,0.0,0.0,0.0,7.33,9.9,12.1,2.3,4.37,6.9,0.0,0.0,0.0,0.0,0.0,0.0,0.0,0.0,0.0,0.0,0.0,0.0,79095.72136501272,17506.185009230474,4770.781505576088
2031-06-01,5.0,9.0,9999.0,7.33,9.9,12.1,2.3,4.37,6.9,1.0,0.0,0.0,0.0,0.0,0.0,0.0,7.33,9.9,12.1,2.3,4.37,6.9,0.0,0.0,0.0,0.0,0.0,0.0,0.0,0.0,0.0,0.0,0.0,0.0,82514.5724724368,19508.335508137818,5328.661100666493
2031-07-01,5.0,9.0,9999.0,7.33,9.9,12.1,2.3,4.37,6.9,1.0,0.0,0.0,0.0,0.0,0.0,0.0,7.33,9.9,12.1,2.3,4.37,6.9,0.0,0.0,0.0,0.0,0.0,0.0,0.0,0.0,0.0,0.0,0.0,0.0,86900.82908453813,22538.9176065012,6220.6707857223455
2031-08-01,5.0,9.0,9999.0,7.33,9.9,12.1,2.3,4.37,6.9,1.0,0.0,0.0,0.0,0.0,0.0,0.0,7.33,9.9,12.1,2.3,4.37,6.9,0.0,0.0,0.0,0.0,0.0,0.0,0.0,0.0,0.0,0.0,0.0,0.0,86111.85762349724,21948.43092894781,6043.382816715217
2031-09-01,5.0,9.0,9999.0,7.33,9.9,12.1,2.3,4.37,6.9,1.0,0.0,0.0,0.0,0.0,0.0,0.0,7.33,9.9,12.1,2.3,4.37,6.9,0.0,0.0,0.0,0.0,0.0,0.0,0.0,0.0,0.0,0.0,0.0,0.0,87332.2119740764,22872.473914591006,6322.253008930428
2031-10-01,5.0,9.0,9999.0,7.33,9.9,12.1,2.3,4.37,6.9,1.0,0.0,0.0,0.0,0.0,0.0,0.0,7.33,9.9,12.1,2.3,4.37,6.9,0.0,0.0,0.0,0.0,0.0,0.0,0.0,0.0,0.0,0.0,0.0,0.0,84523.90054352154,20825.484534681782,5709.338363965583
2031-11-01,5.0,9.0,9999.0,7.33,9.9,12.1,2.3,4.37,6.9,1.0,0.0,0.0,0.0,0.0,0.0,0.0,7.33,9.9,12.1,2.3,4.37,6.9,0.0,0.0,0.0,0.0,0.0,0.0,0.0,0.0,0.0,0.0,0.0,0.0,76911.47981289134,16364.406294506769,4461.571261116228
2031-12-01,5.0,9.0,9999.0,7.33,9.9,12.1,2.3,4.37,6.9,1.0,0.0,0.0,0.0,0.0,0.0,0.0,7.33,9.9,12.1,2.3,4.37,6.9,0.0,0.0,0.0,0.0,0.0,0.0,0.0,0.0,0.0,0.0,0.0,0.0,72508.1667113645,14327.840271792225,3915.3955501437867
2032-01-01,5.0,9.0,9999.0,7.33,9.9,12.1,2.3,4.37,6.9,1.0,0.0,0.0,0.0,0.0,0.0,0.0,7.33,9.9,12.1,2.3,4.37,6.9,0.0,0.0,0.0,0.0,0.0,0.0,0.0,0.0,0.0,0.0,0.0,0.0,66791.40300049496,12114.033294751755,3347.155993956807
2032-02-01,5.0,9.0,9999.0,7.33,9.9,12.1,2.3,4.37,6.9,1.0,0.0,0.0,0.0,0.0,0.0,0.0,7.33,9.9,12.1,2.3,4.37,6.9,0.0,0.0,0.0,0.0,0.0,0.0,0.0,0.0,0.0,0.0,0.0,0.0,70687.83857271998,13577.898612243993,3719.757617073065
2032-03-01,5.0,9.0,9999.0,7.33,9.9,12.1,2.3,4.37,6.9,1.0,0.0,0.0,0.0,0.0,0.0,0.0,7.33,9.9,12.1,2.3,4.37,6.9,0.0,0.0,0.0,0.0,0.0,0.0,0.0,0.0,0.0,0.0,0.0,0.0,75102.96835267059,15484.009790970395,4224.448033831421
2032-04-01,5.0,9.0,9999.0,7.33,9.9,12.1,2.3,4.37,6.9,1.0,0.0,0.0,0.0,0.0,0.0,0.0,7.33,9.9,12.1,2.3,4.37,6.9,0.0,0.0,0.0,0.0,0.0,0.0,0.0,0.0,0.0,0.0,0.0,0.0,80856.28919745781,18502.28680347518,5045.0919618095095
2032-05-01,5.0,9.0,9999.0,7.33,9.9,12.1,2.3,4.37,6.9,1.0,0.0,0.0,0.0,0.0,0.0,0.0,7.33,9.9,12.1,2.3,4.37,6.9,0.0,0.0,0.0,0.0,0.0,0.0,0.0,0.0,0.0,0.0,0.0,0.0,82047.38898423807,19217.336958322776,5246.289528663932
2032-06-01,5.0,9.0,9999.0,7.33,9.9,12.1,2.3,4.37,6.9,1.0,0.0,0.0,0.0,0.0,0.0,0.0,7.33,9.9,12.1,2.3,4.37,6.9,0.0,0.0,0.0,0.0,0.0,0.0,0.0,0.0,0.0,0.0,0.0,0.0,85607.10526273558,21583.119791118774,5933.743120106674
2032-07-01,5.0,9.0,9999.0,7.33,9.9,12.1,2.3,4.37,6.9,1.0,0.0,0.0,0.0,0.0,0.0,0.0,7.33,9.9,12.1,2.3,4.37,6.9,0.0,0.0,0.0,0.0,0.0,0.0,0.0,0.0,0.0,0.0,0.0,0.0,85727.95651700794,21669.755621479406,5959.707544644711
2032-08-01,5.0,9.0,9999.0,7.33,9.9,12.1,2.3,4.37,6.9,1.0,0.0,0.0,0.0,0.0,0.0,0.0,7.33,9.9,12.1,2.3,4.37,6.9,0.0,0.0,0.0,0.0,0.0,0.0,0.0,0.0,0.0,0.0,0.0,0.0,86307.86274404738,22092.933666622182,6086.696473972587
2032-09-01,5.0,9.0,9999.0,7.33,9.9,12.1,2.3,4.37,6.9,1.0,0.0,0.0,0.0,0.0,0.0,0.0,7.33,9.9,12.1,2.3,4.37,6.9,0.0,0.0,0.0,0.0,0.0,0.0,0.0,0.0,0.0,0.0,0.0,0.0,87724.72376808852,23182.822751445638,6417.6778028663775
2032-10-01,5.0,9.0,9999.0,7.33,9.9,12.1,2.3,4.37,6.9,1.0,0.0,0.0,0.0,0.0,0.0,0.0,7.33,9.9,12.1,2.3,4.37,6.9,0.0,0.0,0.0,0.0,0.0,0.0,0.0,0.0,0.0,0.0,0.0,0.0,83407.01015550013,20079.94995905843,5492.389087023169
2032-11-01,5.0,9.0,9999.0,7.33,9.9,12.1,2.3,4.37,6.9,1.0,0.0,0.0,0.0,0.0,0.0,0.0,7.33,9.9,12.1,2.3,4.37,6.9,0.0,0.0,0.0,0.0,0.0,0.0,0.0,0.0,0.0,0.0,0.0,0.0,79562.00101810064,17762.977026618486,4840.605937820979
2032-12-01,5.0,9.0,9999.0,7.33,9.9,12.1,2.3,4.37,6.9,1.0,0.0,0.0,0.0,0.0,0.0,0.0,7.33,9.9,12.1,2.3,4.37,6.9,0.0,0.0,0.0,0.0,0.0,0.0,0.0,0.0,0.0,0.0,0.0,0.0,72508.1667113645,14327.840271792225,3915.3955501437867
2033-01-01,5.0,9.0,9999.0,7.33,9.9,12.1,2.3,4.37,6.9,1.0,0.0,0.0,0.0,0.0,0.0,0.0,7.33,9.9,12.1,2.3,4.37,6.9,0.0,0.0,0.0,0.0,0.0,0.0,0.0,0.0,0.0,0.0,0.0,0.0,72851.89204423733,14474.444027330943,3954.03233548651
2033-02-01,5.0,9.0,9999.0,7.33,9.9,12.1,2.3,4.37,6.9,1.0,0.0,0.0,0.0,0.0,0.0,0.0,7.33,9.9,12.1,2.3,4.37,6.9,0.0,0.0,0.0,0.0,0.0,0.0,0.0,0.0,0.0,0.0,0.0,0.0,75438.6531604341,15642.358804620782,4266.979812851236
2033-03-01,5.0,9.0,9999.0,7.33,9.9,12.1,2.3,4.37,6.9,1.0,0.0,0.0,0.0,0.0,0.0,0.0,7.33,9.9,12.1,2.3,4.37,6.9,0.0,0.0,0.0,0.0,0.0,0.0,0.0,0.0,0.0,0.0,0.0,0.0,77462.89070338698,16643.5362076888,4537.074418346321
2033-04-01,5.0,9.0,9999.0,7.33,9.9,12.1,2.3,4.37,6.9,1.0,0.0,0.0,0.0,0.0,0.0,0.0,7.33,9.9,12.1,2.3,4.37,6.9,0.0,0.0,0.0,0.0,0.0,0.0,0.0,0.0,0.0,0.0,0.0,0.0,80255.2720993919,18153.998012469863,4947.982830240689
2033-05-01,5.0,9.0,9999.0,7.33,9.9,12.1,2.3,4.37,6.9,1.0,0.0,0.0,0.0,0.0,0.0,0.0,7.33,9.9,12.1,2.3,4.37,6.9,0.0,0.0,0.0,0.0,0.0,0.0,0.0,0.0,0.0,0.0,0.0,0.0,85043.4404369003,21184.983594015266,5815.340759591663
2033-06-01,5.0,9.0,9999.0,7.33,9.9,12.1,2.3,4.37,6.9,1.0,0.0,0.0,0.0,0.0,0.0,0.0,7.33,9.9,12.1,2.3,4.37,6.9,0.0,0.0,0.0,0.0,0.0,0.0,0.0,0.0,0.0,0.0,0.0,0.0,86472.37607938895,22215.234582344823,6123.310714625165
2033-07-01,5.0,9.0,9999.0,7.33,9.9,12.1,2.3,4.37,6.9,1.0,0.0,0.0,0.0,0.0,0.0,0.0,7.33,9.9,12.1,2.3,4.37,6.9,0.0,0.0,0.0,0.0,0.0,0.0,0.0,0.0,0.0,0.0,0.0,0.0,87760.48125399438,23211.365413221207,6426.47700043108
2033-08-01,5.0,9.0,9999.0,7.33,9.9,12.1,2.3,4.37,6.9,1.0,0.0,0.0,0.0,0.0,0.0,0.0,7.33,9.9,12.1,2.3,4.37,6.9,0.0,0.0,0.0,0.0,0.0,0.0,0.0,0.0,0.0,0.0,0.0,0.0,89537.12725523456,24697.576497639937,6896.424555077292
2033-09-01,5.0,9.0,9999.0,7.33,9.9,12.1,2.3,4.37,6.9,1.0,0.0,0.0,0.0,0.0,0.0,0.0,7.33,9.9,12.1,2.3,4.37,6.9,0.0,0.0,0.0,0.0,0.0,0.0,0.0,0.0,0.0,0.0,0.0,0.0,88849.99571051369,24106.789467588336,6706.132558750784
2033-10-01,5.0,9.0,9999.0,7.33,9.9,12.1,2.3,4.37,6.9,1.0,0.0,0.0,0.0,0.0,0.0,0.0,7.33,9.9,12.1,2.3,4.37,6.9,0.0,0.0,0.0,0.0,0.0,0.0,0.0,0.0,0.0,0.0,0.0,0.0,86727.41692299217,22407.001112794544,6180.868292567094
2033-11-01,5.0,9.0,9999.0,7.33,9.9,12.1,2.3,4.37,6.9,1.0,0.0,0.0,0.0,0.0,0.0,0.0,7.33,9.9,12.1,2.3,4.37,6.9,0.0,0.0,0.0,0.0,0.0,0.0,0.0,0.0,0.0,0.0,0.0,0.0,77725.26275334155,16778.322790107704,4573.497648328167
2033-12-01,5.0,9.0,9999.0,7.33,9.9,12.1,2.3,4.37,6.9,1.0,0.0,0.0,0.0,0.0,0.0,0.0,7.33,9.9,12.1,2.3,4.37,6.9,0.0,0.0,0.0,0.0,0.0,0.0,0.0,0.0,0.0,0.0,0.0,0.0,72830.14168594147,14465.117449215728,3951.5625017621064
2034-01-01,5.0,9.0,9999.0,7.33,9.9,12.1,2.3,4.37,6.9,1.0,0.0,0.0,0.0,0.0,0.0,0.0,7.33,9.9,12.1,2.3,4.37,6.9,0.0,0.0,0.0,0.0,0.0,0.0,0.0,0.0,0.0,0.0,0.0,0.0,74567.79030032488,15236.165119478897,4158.014528043604
2034-02-01,5.0,9.0,9999.0,7.33,9.9,12.1,2.3,4.37,6.9,1.0,0.0,0.0,0.0,0.0,0.0,0.0,7.33,9.9,12.1,2.3,4.37,6.9,0.0,0.0,0.0,0.0,0.0,0.0,0.0,0.0,0.0,0.0,0.0,0.0,78722.05871616305,17303.70591398972,4715.791247587156
2034-03-01,5.0,9.0,9999.0,7.33,9.9,12.1,2.3,4.37,6.9,1.0,0.0,0.0,0.0,0.0,0.0,0.0,7.33,9.9,12.1,2.3,4.37,6.9,0.0,0.0,0.0,0.0,0.0,0.0,0.0,0.0,0.0,0.0,0.0,0.0,80633.92077290699,18372.443187938803,5008.793371640879
2034-04-01,5.0,9.0,9999.0,7.33,9.9,12.1,2.3,4.37,6.9,1.0,0.0,0.0,0.0,0.0,0.0,0.0,7.33,9.9,12.1,2.3,4.37,6.9,0.0,0.0,0.0,0.0,0.0,0.0,0.0,0.0,0.0,0.0,0.0,0.0,81458.79058553973,18859.12049768754,5145.404924605236
2034-05-01,5.0,9.0,9999.0,7.33,9.9,12.1,2.3,4.37,6.9,1.0,0.0,0.0,0.0,0.0,0.0,0.0,7.33,9.9,12.1,2.3,4.37,6.9,0.0,0.0,0.0,0.0,0.0,0.0,0.0,0.0,0.0,0.0,0.0,0.0,83883.69862724592,20393.95227508967,5583.327673814591
2034-06-01,5.0,9.0,9999.0,7.33,9.9,12.1,2.3,4.37,6.9,1.0,0.0,0.0,0.0,0.0,0.0,0.0,7.33,9.9,12.1,2.3,4.37,6.9,0.0,0.0,0.0,0.0,0.0,0.0,0.0,0.0,0.0,0.0,0.0,0.0,86945.2222144604,22572.84948010259,6230.92995558876
2034-07-01,5.0,9.0,9999.0,7.33,9.9,12.1,2.3,4.37,6.9,1.0,0.0,0.0,0.0,0.0,0.0,0.0,7.33,9.9,12.1,2.3,4.37,6.9,0.0,0.0,0.0,0.0,0.0,0.0,0.0,0.0,0.0,0.0,0.0,0.0,90998.36243790372,26036.720255315206,7336.885381123239
2034-08-01,5.0,9.0,9999.0,7.33,9.9,12.1,2.3,4.37,6.9,1.0,0.0,0.0,0.0,0.0,0.0,0.0,7.33,9.9,12.1,2.3,4.37,6.9,0.0,0.0,0.0,0.0,0.0,0.0,0.0,0.0,0.0,0.0,0.0,0.0,89485.97122816072,24652.78162026077,6881.922063910646
2034-09-01,5.0,9.0,9999.0,7.33,9.9,12.1,2.3,4.37,6.9,1.0,0.0,0.0,0.0,0.0,0.0,0.0,7.33,9.9,12.1,2.3,4.37,6.9,0.0,0.0,0.0,0.0,0.0,0.0,0.0,0.0,0.0,0.0,0.0,0.0,87925.39089405474,23343.6818503004,6467.268247504506
2034-10-01,5.0,9.0,9999.0,7.33,9.9,12.1,2.3,4.37,6.9,1.0,0.0,0.0,0.0,0.0,0.0,0.0,7.33,9.9,12.1,2.3,4.37,6.9,0.0,0.0,0.0,0.0,0.0,0.0,0.0,0.0,0.0,0.0,0.0,0.0,86043.71048460758,21898.565528864736,6028.416332095247
2034-11-01,5.0,9.0,9999.0,7.33,9.9,12.1,2.3,4.37,6.9,1.0,0.0,0.0,0.0,0.0,0.0,0.0,7.33,9.9,12.1,2.3,4.37,6.9,0.0,0.0,0.0,0.0,0.0,0.0,0.0,0.0,0.0,0.0,0.0,0.0,76917.46327122662,16367.409529074384,4462.383936433623
2034-12-01,5.0,9.0,9999.0,7.33,9.9,12.1,2.3,4.37,6.9,1.0,0.0,0.0,0.0,0.0,0.0,0.0,7.33,9.9,12.1,2.3,4.37,6.9,0.0,0.0,0.0,0.0,0.0,0.0,0.0,0.0,0.0,0.0,0.0,0.0,77109.85505930665,16464.281600725684,4488.554216058104
2035-01-01,5.0,9.0,9999.0,7.33,9.9,12.1,2.3,4.37,6.9,1.0,0.0,0.0,0.0,0.0,0.0,0.0,7.33,9.9,12.1,2.3,4.37,6.9,0.0,0.0,0.0,0.0,0.0,0.0,0.0,0.0,0.0,0.0,0.0,0.0,75653.19707976739,15744.679109659677,4294.559447204513
2035-02-01,5.0,9.0,9999.0,7.33,9.9,12.1,2.3,4.37,6.9,1.0,0.0,0.0,0.0,0.0,0.0,0.0,7.33,9.9,12.1,2.3,4.37,6.9,0.0,0.0,0.0,0.0,0.0,0.0,0.0,0.0,0.0,0.0,0.0,0.0,77472.63640243659,16648.50973678589,4538.423435012804
2035-03-01,5.0,9.0,9999.0,7.33,9.9,12.1,2.3,4.37,6.9,1.0,0.0,0.0,0.0,0.0,0.0,0.0,7.33,9.9,12.1,2.3,4.37,6.9,0.0,0.0,0.0,0.0,0.0,0.0,0.0,0.0,0.0,0.0,0.0,0.0,76806.00751775088,16311.538778595192,4447.270348498043
2035-04-01,5.0,9.0,9999.0,7.33,9.9,12.1,2.3,4.37,6.9,1.0,0.0,0.0,0.0,0.0,0.0,0.0,7.33,9.9,12.1,2.3,4.37,6.9,0.0,0.0,0.0,0.0,0.0,0.0,0.0,0.0,0.0,0.0,0.0,0.0,80468.67538220412,18276.572504377396,4982.020939668889
2035-05-01,5.0,9.0,9999.0,7.33,9.9,12.1,2.3,4.37,6.9,1.0,0.0,0.0,0.0,0.0,0.0,0.0,7.33,9.9,12.1,2.3,4.37,6.9,0.0,0.0,0.0,0.0,0.0,0.0,0.0,0.0,0.0,0.0,0.0,0.0,83382.21510025344,20063.774385438177,5487.725283537566
2035-06-01,5.0,9.0,9999.0,7.33,9.9,12.1,2.3,4.37,6.9,1.0,0.0,0.0,0.0,0.0,0.0,0.0,7.33,9.9,12.1,2.3,4.37,6.9,0.0,0.0,0.0,0.0,0.0,0.0,0.0,0.0,0.0,0.0,0.0,0.0,87767.60197279116,23217.051950448134,6428.230477793968
2035-07-01,5.0,9.0,9999.0,7.33,9.9,12.1,2.3,4.37,6.9,1.0,0.0,0.0,0.0,0.0,0.0,0.0,7.33,9.9,12.1,2.3,4.37,6.9,0.0,0.0,0.0,0.0,0.0,0.0,0.0,0.0,0.0,0.0,0.0,0.0,90348.73868163477,25427.567714849494,7135.429590065558
2035-08-01,5.0,9.0,9999.0,7.33,9.9,12.1,2.3,4.37,6.9,1.0,0.0,0.0,0.0,0.0,0.0,0.0,7.33,9.9,12.1,2.3,4.37,6.9,0.0,0.0,0.0,0.0,0.0,0.0,0.0,0.0,0.0,0.0,0.0,0.0,90362.97935870275,25440.69262426597,7139.7596007397715
2035-09-01,5.0,9.0,9999.0,7.33,9.9,12.1,2.3,4.37,6.9,1.0,0.0,0.0,0.0,0.0,0.0,0.0,7.33,9.9,12.1,2.3,4.37,6.9,0.0,0.0,0.0,0.0,0.0,0.0,0.0,0.0,0.0,0.0,0.0,0.0,88111.95048028047,23495.063468923447,6514.072949455717
2035-10-01,5.0,9.0,9999.0,7.33,9.9,12.1,2.3,4.37,6.9,1.0,0.0,0.0,0.0,0.0,0.0,0.0,7.33,9.9,12.1,2.3,4.37,6.9,0.0,0.0,0.0,0.0,0.0,0.0,0.0,0.0,0.0,0.0,0.0,0.0,85044.5062881436,21185.72796390415,5815.560760162166
2035-11-01,5.0,9.0,9999.0,7.33,9.9,12.1,2.3,4.37,6.9,1.0,0.0,0.0,0.0,0.0,0.0,0.0,7.33,9.9,12.1,2.3,4.37,6.9,0.0,0.0,0.0,0.0,0.0,0.0,0.0,0.0,0.0,0.0,0.0,0.0,79496.8699484435,17726.774496026228,4830.772988014126
2035-12-01,5.0,9.0,9999.0,7.33,9.9,12.1,2.3,4.37,6.9,1.0,0.0,0.0,0.0,0.0,0.0,0.0,7.33,9.9,12.1,2.3,4.37,6.9,0.0,0.0,0.0,0.0,0.0,0.0,0.0,0.0,0.0,0.0,0.0,0.0,74581.90969757258,15242.634903810002,4159.753034527008
2036-01-01,5.0,9.0,9999.0,7.33,9.9,12.1,2.3,4.37,6.9,1.0,0.0,0.0,0.0,0.0,0.0,0.0,7.33,9.9,12.1,2.3,4.37,6.9,0.0,0.0,0.0,0.0,0.0,0.0,0.0,0.0,0.0,0.0,0.0,0.0,75677.45947922998,15756.322754622906,4297.699171581698
2036-02-01,5.0,9.0,9999.0,7.33,9.9,12.1,2.3,4.37,6.9,1.0,0.0,0.0,0.0,0.0,0.0,0.0,7.33,9.9,12.1,2.3,4.37,6.9,0.0,0.0,0.0,0.0,0.0,0.0,0.0,0.0,0.0,0.0,0.0,0.0,73490.93235477373,14751.628408435132,4028.1770342380546
2036-03-01,5.0,9.0,9999.0,7.33,9.9,12.1,2.3,4.37,6.9,1.0,0.0,0.0,0.0,0.0,0.0,0.0,7.33,9.9,12.1,2.3,4.37,6.9,0.0,0.0,0.0,0.0,0.0,0.0,0.0,0.0,0.0,0.0,0.0,0.0,76175.14181329022,15998.226632204454,4362.88837999435
2036-04-01,5.0,9.0,9999.0,7.33,9.9,12.1,2.3,4.37,6.9,1.0,0.0,0.0,0.0,0.0,0.0,0.0,7.33,9.9,12.1,2.3,4.37,6.9,0.0,0.0,0.0,0.0,0.0,0.0,0.0,0.0,0.0,0.0,0.0,0.0,81292.74613886228,18759.876613486256,5117.437112460042
2036-05-01,5.0,9.0,9999.0,7.33,9.9,12.1,2.3,4.37,6.9,1.0,0.0,0.0,0.0,0.0,0.0,0.0,7.33,9.9,12.1,2.3,4.37,6.9,0.0,0.0,0.0,0.0,0.0,0.0,0.0,0.0,0.0,0.0,0.0,0.0,83612.6973213039,20214.803780709844,5531.346644554643
2036-06-01,5.0,9.0,9999.0,7.33,9.9,12.1,2.3,4.37,6.9,1.0,0.0,0.0,0.0,0.0,0.0,0.0,7.33,9.9,12.1,2.3,4.37,6.9,0.0,0.0,0.0,0.0,0.0,0.0,0.0,0.0,0.0,0.0,0.0,0.0,85009.96717503038,21161.61598836222,5808.43324794527
2036-07-01,5.0,9.0,9999.0,7.33,9.9,12.1,2.3,4.37,6.9,1.0,0.0,0.0,0.0,0.0,0.0,0.0,7.33,9.9,12.1,2.3,4.37,6.9,0.0,0.0,0.0,0.0,0.0,0.0,0.0,0.0,0.0,0.0,0.0,0.0,90620.35977911376,25679.592096197957,7218.628711936951
2036-08-01,5.0,9.0,9999.0,7.33,9.9,12.1,2.3,4.37,6.9,1.0,0.0,0.0,0.0,0.0,0.0,0.0,7.33,9.9,12.1,2.3,4.37,6.9,0.0,0.0,0.0,0.0,0.0,0.0,0.0,0.0,0.0,0.0,0.0,0.0,90308.29829521425,25390.32536107739,7123.142825536401
2036-09-01,5.0,9.0,9999.0,7.33,9.9,12.1,2.3,4.37,6.9,1.0,0.0,0.0,0.0,0.0,0.0,0.0,7.33,9.9,12.1,2.3,4.37,6.9,0.0,0.0,0.0,0.0,0.0,0.0,0.0,0.0,0.0,0.0,0.0,0.0,90536.2379699626,25601.045475241124,7192.682672346218
2036-10-01,5.0,9.0,9999.0,7.33,9.9,12.1,2.3,4.37,6.9,1.0,0.0,0.0,0.0,0.0,0.0,0.0,7.33,9.9,12.1,2.3,4.37,6.9,0.0,0.0,0.0,0.0,0.0,0.0,0.0,0.0,0.0,0.0,0.0,0.0,82798.45811027204,19687.68888740312,5379.846690522712
2036-11-01,5.0,9.0,9999.0,7.33,9.9,12.1,2.3,4.37,6.9,1.0,0.0,0.0,0.0,0.0,0.0,0.0,7.33,9.9,12.1,2.3,4.37,6.9,0.0,0.0,0.0,0.0,0.0,0.0,0.0,0.0,0.0,0.0,0.0,0.0,74894.50822475668,15386.96206326934,4198.436550642318
2036-12-01,5.0,9.0,9999.0,7.33,9.9,12.1,2.3,4.37,6.9,1.0,0.0,0.0,0.0,0.0,0.0,0.0,7.33,9.9,12.1,2.3,4.37,6.9,0.0,0.0,0.0,0.0,0.0,0.0,0.0,0.0,0.0,0.0,0.0,0.0,72679.68835493275,14400.763204799225,3934.561898393402
2037-01-01,5.0,9.0,9999.0,7.33,9.9,12.1,2.3,4.37,6.9,1.0,0.0,0.0,0.0,0.0,0.0,0.0,7.33,9.9,12.1,2.3,4.37,6.9,0.0,0.0,0.0,0.0,0.0,0.0,0.0,0.0,0.0,0.0,0.0,0.0,75514.21235780245,15678.24416363785,4276.645582160164
2037-02-01,5.0,9.0,9999.0,7.33,9.9,12.1,2.3,4.37,6.9,1.0,0.0,0.0,0.0,0.0,0.0,0.0,7.33,9.9,12.1,2.3,4.37,6.9,0.0,0.0,0.0,0.0,0.0,0.0,0.0,0.0,0.0,0.0,0.0,0.0,74110.89650377553,15028.08557985266,4102.1071597147575
2037-03-01,5.0,9.0,9999.0,7.33,9.9,12.1,2.3,4.37,6.9,1.0,0.0,0.0,0.0,0.0,0.0,0.0,7.33,9.9,12.1,2.3,4.37,6.9,0.0,0.0,0.0,0.0,0.0,0.0,0.0,0.0,0.0,0.0,0.0,0.0,75547.74335355821,15694.212946639323,4280.94991793077
2037-04-01,5.0,9.0,9999.0,7.33,9.9,12.1,2.3,4.37,6.9,1.0,0.0,0.0,0.0,0.0,0.0,0.0,7.33,9.9,12.1,2.3,4.37,6.9,0.0,0.0,0.0,0.0,0.0,0.0,0.0,0.0,0.0,0.0,0.0,0.0,75810.14459252136,15820.22949439098,4314.927272483387
2037-05-01,5.0,9.0,9999.0,7.33,9.9,12.1,2.3,4.37,6.9,1.0,0.0,0.0,0.0,0.0,0.0,0.0,7.33,9.9,12.1,2.3,4.37,6.9,0.0,0.0,0.0,0.0,0.0,0.0,0.0,0.0,0.0,0.0,0.0,0.0,79095.72136501272,17506.185009230474,4770.781505576088
2037-06-01,5.0,9.0,9999.0,7.33,9.9,12.1,2.3,4.37,6.9,1.0,0.0,0.0,0.0,0.0,0.0,0.0,7.33,9.9,12.1,2.3,4.37,6.9,0.0,0.0,0.0,0.0,0.0,0.0,0.0,0.0,0.0,0.0,0.0,0.0,82514.5724724368,19508.335508137818,5328.661100666493
2037-07-01,5.0,9.0,9999.0,7.33,9.9,12.1,2.3,4.37,6.9,1.0,0.0,0.0,0.0,0.0,0.0,0.0,7.33,9.9,12.1,2.3,4.37,6.9,0.0,0.0,0.0,0.0,0.0,0.0,0.0,0.0,0.0,0.0,0.0,0.0,86900.82908453813,22538.9176065012,6220.6707857223455
2037-08-01,5.0,9.0,9999.0,7.33,9.9,12.1,2.3,4.37,6.9,1.0,0.0,0.0,0.0,0.0,0.0,0.0,7.33,9.9,12.1,2.3,4.37,6.9,0.0,0.0,0.0,0.0,0.0,0.0,0.0,0.0,0.0,0.0,0.0,0.0,86111.85762349724,21948.43092894781,6043.382816715217
2037-09-01,5.0,9.0,9999.0,7.33,9.9,12.1,2.3,4.37,6.9,1.0,0.0,0.0,0.0,0.0,0.0,0.0,7.33,9.9,12.1,2.3,4.37,6.9,0.0,0.0,0.0,0.0,0.0,0.0,0.0,0.0,0.0,0.0,0.0,0.0,87332.2119740764,22872.473914591006,6322.253008930428
2037-10-01,5.0,9.0,9999.0,7.33,9.9,12.1,2.3,4.37,6.9,1.0,0.0,0.0,0.0,0.0,0.0,0.0,7.33,9.9,12.1,2.3,4.37,6.9,0.0,0.0,0.0,0.0,0.0,0.0,0.0,0.0,0.0,0.0,0.0,0.0,84523.90054352154,20825.484534681782,5709.338363965583
2037-11-01,5.0,9.0,9999.0,7.33,9.9,12.1,2.3,4.37,6.9,1.0,0.0,0.0,0.0,0.0,0.0,0.0,7.33,9.9,12.1,2.3,4.37,6.9,0.0,0.0,0.0,0.0,0.0,0.0,0.0,0.0,0.0,0.0,0.0,0.0,80144.3276376464,18090.74134643448,4930.474634147315
2037-12-01,5.0,9.0,9999.0,7.33,9.9,12.1,2.3,4.37,6.9,1.0,0.0,0.0,0.0,0.0,0.0,0.0,7.33,9.9,12.1,2.3,4.37,6.9,0.0,0.0,0.0,0.0,0.0,0.0,0.0,0.0,0.0,0.0,0.0,0.0,72534.21140127505,14338.894645504963,3918.29137267061
2038-01-01,5.0,9.0,9999.0,7.33,9.9,12.1,2.3,4.37,6.9,1.0,0.0,0.0,0.0,0.0,0.0,0.0,7.33,9.9,12.1,2.3,4.37,6.9,0.0,0.0,0.0,0.0,0.0,0.0,0.0,0.0,0.0,0.0,0.0,0.0,73541.22901251969,14773.737653718588,4034.110040625979
2038-02-01,5.0,9.0,9999.0,7.33,9.9,12.1,2.3,4.37,6.9,1.0,0.0,0.0,0.0,0.0,0.0,0.0,7.33,9.9,12.1,2.3,4.37,6.9,0.0,0.0,0.0,0.0,0.0,0.0,0.0,0.0,0.0,0.0,0.0,0.0,73338.10544150347,14684.73586655963,4010.2365662798497
2038-03-01,5.0,9.0,9999.0,7.33,9.9,12.1,2.3,4.37,6.9,1.0,0.0,0.0,0.0,0.0,0.0,0.0,7.33,9.9,12.1,2.3,4.37,6.9,0.0,0.0,0.0,0.0,0.0,0.0,0.0,0.0,0.0,0.0,0.0,0.0,76698.6199209341,16257.792396571562,4432.75161500392
2038-04-01,5.0,9.0,9999.0,7.33,9.9,12.1,2.3,4.37,6.9,1.0,0.0,0.0,0.0,0.0,0.0,0.0,7.33,9.9,12.1,2.3,4.37,6.9,0.0,0.0,0.0,0.0,0.0,0.0,0.0,0.0,0.0,0.0,0.0,0.0,77628.1372076616,16728.269901101103,4559.978465817258
2038-05-01,5.0,9.0,9999.0,7.33,9.9,12.1,2.3,4.37,6.9,1.0,0.0,0.0,0.0,0.0,0.0,0.0,7.33,9.9,12.1,2.3,4.37,6.9,0.0,0.0,0.0,0.0,0.0,0.0,0.0,0.0,0.0,0.0,0.0,0.0,83550.84748377462,20174.109281634803,5519.578139301363
2038-06-01,5.0,9.0,9999.0,7.33,9.9,12.1,2.3,4.37,6.9,1.0,0.0,0.0,0.0,0.0,0.0,0.0,7.33,9.9,12.1,2.3,4.37,6.9,0.0,0.0,0.0,0.0,0.0,0.0,0.0,0.0,0.0,0.0,0.0,0.0,85827.1079349326,21741.25625675171,5981.160304927897
2038-07-01,5.0,9.0,9999.0,7.33,9.9,12.1,2.3,4.37,6.9,1.0,0.0,0.0,0.0,0.0,0.0,0.0,7.33,9.9,12.1,2.3,4.37,6.9,0.0,0.0,0.0,0.0,0.0,0.0,0.0,0.0,0.0,0.0,0.0,0.0,88581.51913313466,23881.847064361005,6635.069246456643
2038-08-01,5.0,9.0,9999.0,7.33,9.9,12.1,2.3,4.37,6.9,1.0,0.0,0.0,0.0,0.0,0.0,0.0,7.33,9.9,12.1,2.3,4.37,6.9,0.0,0.0,0.0,0.0,0.0,0.0,0.0,0.0,0.0,0.0,0.0,0.0,88646.53113096385,23936.08317487005,6652.14412150193
2038-09-01,5.0,9.0,9999.0,7.33,9.9,12.1,2.3,4.37,6.9,1.0,0.0,0.0,0.0,0.0,0.0,0.0,7.33,9.9,12.1,2.3,4.37,6.9,0.0,0.0,0.0,0.0,0.0,0.0,0.0,0.0,0.0,0.0,0.0,0.0,89250.37406617502,24448.179876236503,6815.657683780965
2038-10-01,5.0,9.0,9999.0,7.33,9.9,12.1,2.3,4.37,6.9,1.0,0.0,0.0,0.0,0.0,0.0,0.0,7.33,9.9,12.1,2.3,4.37,6.9,0.0,0.0,0.0,0.0,0.0,0.0,0.0,0.0,0.0,0.0,0.0,0.0,83668.64846143252,20251.63830740054,5542.008657046263
2038-11-01,5.0,9.0,9999.0,7.33,9.9,12.1,2.3,4.37,6.9,1.0,0.0,0.0,0.0,0.0,0.0,0.0,7.33,9.9,12.1,2.3,4.37,6.9,0.0,0.0,0.0,0.0,0.0,0.0,0.0,0.0,0.0,0.0,0.0,0.0,78521.64939379191,17196.208422023028,4686.673090579096
2038-12-01,5.0,9.0,9999.0,7.33,9.9,12.1,2.3,4.37,6.9,1.0,0.0,0.0,0.0,0.0,0.0,0.0,7.33,9.9,12.1,2.3,4.37,6.9,0.0,0.0,0.0,0.0,0.0,0.0,0.0,0.0,0.0,0.0,0.0,0.0,75041.37349503947,15455.271700328043,4216.744529607257
2039-01-01,5.0,9.0,9999.0,7.33,9.9,12.1,2.3,4.37,6.9,1.0,0.0,0.0,0.0,0.0,0.0,0.0,7.33,9.9,12.1,2.3,4.37,6.9,0.0,0.0,0.0,0.0,0.0,0.0,0.0,0.0,0.0,0.0,0.0,0.0,73211.83570584057,14629.812142558383,3995.5178131086464
2039-02-01,5.0,9.0,9999.0,7.33,9.9,12.1,2.3,4.37,6.9,1.0,0.0,0.0,0.0,0.0,0.0,0.0,7.33,9.9,12.1,2.3,4.37,6.9,0.0,0.0,0.0,0.0,0.0,0.0,0.0,0.0,0.0,0.0,0.0,0.0,75593.7099420265,15716.17533878438,4286.8738198540195
2039-03-01,5.0,9.0,9999.0,7.33,9.9,12.1,2.3,4.37,6.9,1.0,0.0,0.0,0.0,0.0,0.0,0.0,7.33,9.9,12.1,2.3,4.37,6.9,0.0,0.0,0.0,0.0,0.0,0.0,0.0,0.0,0.0,0.0,0.0,0.0,76882.60732023408,16349.925655919791,4457.653482837686
2039-04-01,5.0,9.0,9999.0,7.33,9.9,12.1,2.3,4.37,6.9,1.0,0.0,0.0,0.0,0.0,0.0,0.0,7.33,9.9,12.1,2.3,4.37,6.9,0.0,0.0,0.0,0.0,0.0,0.0,0.0,0.0,0.0,0.0,0.0,0.0,81292.74613886228,18759.876613486256,5117.437112460042
2039-05-01,5.0,9.0,9999.0,7.33,9.9,12.1,2.3,4.37,6.9,1.0,0.0,0.0,0.0,0.0,0.0,0.0,7.33,9.9,12.1,2.3,4.37,6.9,0.0,0.0,0.0,0.0,0.0,0.0,0.0,0.0,0.0,0.0,0.0,0.0,80449.3122200819,18265.40294519908,4978.903115466095
2039-06-01,5.0,9.0,9999.0,7.33,9.9,12.1,2.3,4.37,6.9,1.0,0.0,0.0,0.0,0.0,0.0,0.0,7.33,9.9,12.1,2.3,4.37,6.9,0.0,0.0,0.0,0.0,0.0,0.0,0.0,0.0,0.0,0.0,0.0,0.0,88023.55045395398,23423.166718385146,6491.801979374352
2039-07-01,5.0,9.0,9999.0,7.33,9.9,12.1,2.3,4.37,6.9,1.0,0.0,0.0,0.0,0.0,0.0,0.0,7.33,9.9,12.1,2.3,4.37,6.9,0.0,0.0,0.0,0.0,0.0,0.0,0.0,0.0,0.0,0.0,0.0,0.0,87760.48125399438,23211.365413221207,6426.47700043108
2039-08-01,5.0,9.0,9999.0,7.33,9.9,12.1,2.3,4.37,6.9,1.0,0.0,0.0,0.0,0.0,0.0,0.0,7.33,9.9,12.1,2.3,4.37,6.9,0.0,0.0,0.0,0.0,0.0,0.0,0.0,0.0,0.0,0.0,0.0,0.0,89724.66750936785,24863.0759401265,6950.185622534581
2039-09-01,5.0,9.0,9999.0,7.33,9.9,12.1,2.3,4.37,6.9,1.0,0.0,0.0,0.0,0.0,0.0,0.0,7.33,9.9,12.1,2.3,4.37,6.9,0.0,0.0,0.0,0.0,0.0,0.0,0.0,0.0,0.0,0.0,0.0,0.0,87605.68209217867,23088.08394268276,6388.501820707998
2039-10-01,5.0,9.0,9999.0,7.33,9.9,12.1,2.3,4.37,6.9,1.0,0.0,0.0,0.0,0.0,0.0,0.0,7.33,9.9,12.1,2.3,4.37,6.9,0.0,0.0,0.0,0.0,0.0,0.0,0.0,0.0,0.0,0.0,0.0,0.0,83767.54018976721,20316.8702500534,5560.952411364443
2039-11-01,5.0,9.0,9999.0,7.33,9.9,12.1,2.3,4.37,6.9,1.0,0.0,0.0,0.0,0.0,0.0,0.0,7.33,9.9,12.1,2.3,4.37,6.9,0.0,0.0,0.0,0.0,0.0,0.0,0.0,0.0,0.0,0.0,0.0,0.0,75967.54330031312,15896.596482340974,4335.516585234626
2039-12-01,5.0,9.0,9999.0,7.33,9.9,12.1,2.3,4.37,6.9,1.0,0.0,0.0,0.0,0.0,0.0,0.0,7.33,9.9,12.1,2.3,4.37,6.9,0.0,0.0,0.0,0.0,0.0,0.0,0.0,0.0,0.0,0.0,0.0,0.0,71891.95125793417,14068.423052275482,3847.6699895265606
2040-01-01,5.0,9.0,9999.0,7.33,9.9,12.1,2.3,4.37,6.9,1.0,0.0,0.0,0.0,0.0,0.0,0.0,7.33,9.9,12.1,2.3,4.37,6.9,0.0,0.0,0.0,0.0,0.0,0.0,0.0,0.0,0.0,0.0,0.0,0.0,73097.08582666486,14580.023733651244,3982.200289035998
2040-02-01,5.0,9.0,9999.0,7.33,9.9,12.1,2.3,4.37,6.9,1.0,0.0,0.0,0.0,0.0,0.0,0.0,7.33,9.9,12.1,2.3,4.37,6.9,0.0,0.0,0.0,0.0,0.0,0.0,0.0,0.0,0.0,0.0,0.0,0.0,73547.67318209038,14776.574144108443,4034.8708892901823
2040-03-01,5.0,9.0,9999.0,7.33,9.9,12.1,2.3,4.37,6.9,1.0,0.0,0.0,0.0,0.0,0.0,0.0,7.33,9.9,12.1,2.3,4.37,6.9,0.0,0.0,0.0,0.0,0.0,0.0,0.0,0.0,0.0,0.0,0.0,0.0,73687.47325309669,14838.38448438372,4051.426498201954
2040-04-01,5.0,9.0,9999.0,7.33,9.9,12.1,2.3,4.37,6.9,1.0,0.0,0.0,0.0,0.0,0.0,0.0,7.33,9.9,12.1,2.3,4.37,6.9,0.0,0.0,0.0,0.0,0.0,0.0,0.0,0.0,0.0,0.0,0.0,0.0,81181.47799023308,18693.730101852798,5098.822458677503
2040-05-01,5.0,9.0,9999.0,7.33,9.9,12.1,2.3,4.37,6.9,1.0,0.0,0.0,0.0,0.0,0.0,0.0,7.33,9.9,12.1,2.3,4.37,6.9,0.0,0.0,0.0,0.0,0.0,0.0,0.0,0.0,0.0,0.0,0.0,0.0,80833.07604652076,18488.6953133533,5041.289897693883
2040-06-01,5.0,9.0,9999.0,7.33,9.9,12.1,2.3,4.37,6.9,1.0,0.0,0.0,0.0,0.0,0.0,0.0,7.33,9.9,12.1,2.3,4.37,6.9,0.0,0.0,0.0,0.0,0.0,0.0,0.0,0.0,0.0,0.0,0.0,0.0,81667.50721076736,18985.152825981524,5180.850211546603
2040-07-01,5.0,9.0,9999.0,7.33,9.9,12.1,2.3,4.37,6.9,1.0,0.0,0.0,0.0,0.0,0.0,0.0,7.33,9.9,12.1,2.3,4.37,6.9,0.0,0.0,0.0,0.0,0.0,0.0,0.0,0.0,0.0,0.0,0.0,0.0,85380.11417082246,21421.55023759732,5885.561245404056
2040-08-01,5.0,9.0,9999.0,7.33,9.9,12.1,2.3,4.37,6.9,1.0,0.0,0.0,0.0,0.0,0.0,0.0,7.33,9.9,12.1,2.3,4.37,6.9,0.0,0.0,0.0,0.0,0.0,0.0,0.0,0.0,0.0,0.0,0.0,0.0,88969.465907279,24207.78305385322,6738.336103795383
2040-09-01,5.0,9.0,9999.0,7.33,9.9,12.1,2.3,4.37,6.9,1.0,0.0,0.0,0.0,0.0,0.0,0.0,7.33,9.9,12.1,2.3,4.37,6.9,0.0,0.0,0.0,0.0,0.0,0.0,0.0,0.0,0.0,0.0,0.0,0.0,85591.1123568043,21571.682825282624,5930.32465773962
2040-10-01,5.0,9.0,9999.0,7.33,9.9,12.1,2.3,4.37,6.9,1.0,0.0,0.0,0.0,0.0,0.0,0.0,7.33,9.9,12.1,2.3,4.37,6.9,0.0,0.0,0.0,0.0,0.0,0.0,0.0,0.0,0.0,0.0,0.0,0.0,82134.74511970564,19271.380141313108,5261.515793888761
2040-11-01,5.0,9.0,9999.0,7.33,9.9,12.1,2.3,4.37,6.9,1.0,0.0,0.0,0.0,0.0,0.0,0.0,7.33,9.9,12.1,2.3,4.37,6.9,0.0,0.0,0.0,0.0,0.0,0.0,0.0,0.0,0.0,0.0,0.0,0.0,76580.12990709553,16198.709300101653,4416.832861448698
2040-12-01,5.0,9.0,9999.0,7.33,9.9,12.1,2.3,4.37,6.9,1.0,0.0,0.0,0.0,0.0,0.0,0.0,7.33,9.9,12.1,2.3,4.37,6.9,0.0,0.0,0.0,0.0,0.0,0.0,0.0,0.0,0.0,0.0,0.0,0.0,70948.49284978003,13682.144927399664,3746.885821795533
2041-01-01,5.0,9.0,9999.0,7.33,9.9,12.1,2.3,4.37,6.9,1.0,0.0,0.0,0.0,0.0,0.0,0.0,7.33,9.9,12.1,2.3,4.37,6.9,0.0,0.0,0.0,0.0,0.0,0.0,0.0,0.0,0.0,0.0,0.0,0.0,73803.31412542071,14889.90625802905,4065.205463135417
2041-02-01,5.0,9.0,9999.0,7.33,9.9,12.1,2.3,4.37,6.9,1.0,0.0,0.0,0.0,0.0,0.0,0.0,7.33,9.9,12.1,2.3,4.37,6.9,0.0,0.0,0.0,0.0,0.0,0.0,0.0,0.0,0.0,0.0,0.0,0.0,74330.07459217247,15127.582115117983,4128.7998811868
2041-03-01,5.0,9.0,9999.0,7.33,9.9,12.1,2.3,4.37,6.9,1.0,0.0,0.0,0.0,0.0,0.0,0.0,7.33,9.9,12.1,2.3,4.37,6.9,0.0,0.0,0.0,0.0,0.0,0.0,0.0,0.0,0.0,0.0,0.0,0.0,74177.84822567369,15058.360154864735,4110.217845843377
2041-04-01,5.0,9.0,9999.0,7.33,9.9,12.1,2.3,4.37,6.9,1.0,0.0,0.0,0.0,0.0,0.0,0.0,7.33,9.9,12.1,2.3,4.37,6.9,0.0,0.0,0.0,0.0,0.0,0.0,0.0,0.0,0.0,0.0,0.0,0.0,79579.70912621633,17772.833741571994,4843.28529818165
2041-05-01,5.0,9.0,9999.0,7.33,9.9,12.1,2.3,4.37,6.9,1.0,0.0,0.0,0.0,0.0,0.0,0.0,7.33,9.9,12.1,2.3,4.37,6.9,0.0,0.0,0.0,0.0,0.0,0.0,0.0,0.0,0.0,0.0,0.0,0.0,81522.31724744056,18897.342211833853,5156.168425133529
2041-06-01,5.0,9.0,9999.0,7.33,9.9,12.1,2.3,4.37,6.9,1.0,0.0,0.0,0.0,0.0,0.0,0.0,7.33,9.9,12.1,2.3,4.37,6.9,0.0,0.0,0.0,0.0,0.0,0.0,0.0,0.0,0.0,0.0,0.0,0.0,85348.76447203159,21399.366250869887,5878.957585333764
2041-07-01,5.0,9.0,9999.0,7.33,9.9,12.1,2.3,4.37,6.9,1.0,0.0,0.0,0.0,0.0,0.0,0.0,7.33,9.9,12.1,2.3,4.37,6.9,0.0,0.0,0.0,0.0,0.0,0.0,0.0,0.0,0.0,0.0,0.0,0.0,88948.21272477723,24189.776134788055,6732.579018196472
2041-08-01,5.0,9.0,9999.0,7.33,9.9,12.1,2.3,4.37,6.9,1.0,0.0,0.0,0.0,0.0,0.0,0.0,7.33,9.9,12.1,2.3,4.37,6.9,0.0,0.0,0.0,0.0,0.0,0.0,0.0,0.0,0.0,0.0,0.0,0.0,89500.2421381769,24665.267856327224,6885.9651981443385
2041-09-01,5.0,9.0,9999.0,7.33,9.9,12.1,2.3,4.37,6.9,1.0,0.0,0.0,0.0,0.0,0.0,0.0,7.33,9.9,12.1,2.3,4.37,6.9,0.0,0.0,0.0,0.0,0.0,0.0,0.0,0.0,0.0,0.0,0.0,0.0,88668.15484407192,23954.132636866085,6657.843343076761
2041-10-01,5.0,9.0,9999.0,7.33,9.9,12.1,2.3,4.37,6.9,1.0,0.0,0.0,0.0,0.0,0.0,0.0,7.33,9.9,12.1,2.3,4.37,6.9,0.0,0.0,0.0,0.0,0.0,0.0,0.0,0.0,0.0,0.0,0.0,0.0,84331.32929482876,20694.312282026734,5670.958078524388
2041-11-01,5.0,9.0,9999.0,7.33,9.9,12.1,2.3,4.37,6.9,1.0,0.0,0.0,0.0,0.0,0.0,0.0,7.33,9.9,12.1,2.3,4.37,6.9,0.0,0.0,0.0,0.0,0.0,0.0,0.0,0.0,0.0,0.0,0.0,0.0,78095.36182295022,16970.722031108966,4625.592976303232
2041-12-01,5.0,9.0,9999.0,7.33,9.9,12.1,2.3,4.37,6.9,1.0,0.0,0.0,0.0,0.0,0.0,0.0,7.33,9.9,12.1,2.3,4.37,6.9,0.0,0.0,0.0,0.0,0.0,0.0,0.0,0.0,0.0,0.0,0.0,0.0,74572.87246459216,15238.493144219765,4158.640137281988
2042-01-01,5.0,9.0,9999.0,7.33,9.9,12.1,2.3,4.37,6.9,1.0,0.0,0.0,0.0,0.0,0.0,0.0,7.33,9.9,12.1,2.3,4.37,6.9,0.0,0.0,0.0,0.0,0.0,0.0,0.0,0.0,0.0,0.0,0.0,0.0,72414.52516177237,14288.137231208048,3905.0177787521434
2042-02-01,5.0,9.0,9999.0,7.33,9.9,12.1,2.3,4.37,6.9,1.0,0.0,0.0,0.0,0.0,0.0,0.0,7.33,9.9,12.1,2.3,4.37,6.9,0.0,0.0,0.0,0.0,0.0,0.0,0.0,0.0,0.0,0.0,0.0,0.0,73490.93235477373,14751.628408435132,4028.1770342380546
2042-03-01,5.0,9.0,9999.0,7.33,9.9,12.1,2.3,4.37,6.9,1.0,0.0,0.0,0.0,0.0,0.0,0.0,7.33,9.9,12.1,2.3,4.37,6.9,0.0,0.0,0.0,0.0,0.0,0.0,0.0,0.0,0.0,0.0,0.0,0.0,77261.33379207549,16540.950387551988,4509.291878565608
2042-04-01,5.0,9.0,9999.0,7.33,9.9,12.1,2.3,4.37,6.9,1.0,0.0,0.0,0.0,0.0,0.0,0.0,7.33,9.9,12.1,2.3,4.37,6.9,0.0,0.0,0.0,0.0,0.0,0.0,0.0,0.0,0.0,0.0,0.0,0.0,81292.74613886228,18759.876613486256,5117.437112460042
2042-05-01,5.0,9.0,9999.0,7.33,9.9,12.1,2.3,4.37,6.9,1.0,0.0,0.0,0.0,0.0,0.0,0.0,7.33,9.9,12.1,2.3,4.37,6.9,0.0,0.0,0.0,0.0,0.0,0.0,0.0,0.0,0.0,0.0,0.0,0.0,81885.32021421695,19117.872170662242,5218.208059422691
2042-06-01,5.0,9.0,9999.0,7.33,9.9,12.1,2.3,4.37,6.9,1.0,0.0,0.0,0.0,0.0,0.0,0.0,7.33,9.9,12.1,2.3,4.37,6.9,0.0,0.0,0.0,0.0,0.0,0.0,0.0,0.0,0.0,0.0,0.0,0.0,87713.96124096253,23174.240673933713,6415.032782315365
2042-07-01,5.0,9.0,9999.0,7.33,9.9,12.1,2.3,4.37,6.9,1.0,0.0,0.0,0.0,0.0,0.0,0.0,7.33,9.9,12.1,2.3,4.37,6.9,0.0,0.0,0.0,0.0,0.0,0.0,0.0,0.0,0.0,0.0,0.0,0.0,90620.35977911376,25679.592096197957,7218.628711936951
2042-08-01,5.0,9.0,9999.0,7.33,9.9,12.1,2.3,4.37,6.9,1.0,0.0,0.0,0.0,0.0,0.0,0.0,7.33,9.9,12.1,2.3,4.37,6.9,0.0,0.0,0.0,0.0,0.0,0.0,0.0,0.0,0.0,0.0,0.0,0.0,89954.18101361404,25068.505615353475,7017.222476694509
2042-09-01,5.0,9.0,9999.0,7.33,9.9,12.1,2.3,4.37,6.9,1.0,0.0,0.0,0.0,0.0,0.0,0.0,7.33,9.9,12.1,2.3,4.37,6.9,0.0,0.0,0.0,0.0,0.0,0.0,0.0,0.0,0.0,0.0,0.0,0.0,87553.95265435198,23047.085424418852,6375.870631462862
2042-10-01,5.0,9.0,9999.0,7.33,9.9,12.1,2.3,4.37,6.9,1.0,0.0,0.0,0.0,0.0,0.0,0.0,7.33,9.9,12.1,2.3,4.37,6.9,0.0,0.0,0.0,0.0,0.0,0.0,0.0,0.0,0.0,0.0,0.0,0.0,83436.30594397482,20099.077372896587,5497.905094029751
2042-11-01,5.0,9.0,9999.0,7.33,9.9,12.1,2.3,4.37,6.9,1.0,0.0,0.0,0.0,0.0,0.0,0.0,7.33,9.9,12.1,2.3,4.37,6.9,0.0,0.0,0.0,0.0,0.0,0.0,0.0,0.0,0.0,0.0,0.0,0.0,77939.92920174939,16889.509312119713,4603.62857344472
2042-12-01,5.0,9.0,9999.0,7.33,9.9,12.1,2.3,4.37,6.9,1.0,0.0,0.0,0.0,0.0,0.0,0.0,7.33,9.9,12.1,2.3,4.37,6.9,0.0,0.0,0.0,0.0,0.0,0.0,0.0,0.0,0.0,0.0,0.0,0.0,77109.85505930665,16464.281600725684,4488.554216058104
2043-01-01,5.0,9.0,9999.0,7.33,9.9,12.1,2.3,4.37,6.9,1.0,0.0,0.0,0.0,0.0,0.0,0.0,7.33,9.9,12.1,2.3,4.37,6.9,0.0,0.0,0.0,0.0,0.0,0.0,0.0,0.0,0.0,0.0,0.0,0.0,73056.08344098658,14562.302924123791,3977.4516091176233
2043-02-01,5.0,9.0,9999.0,7.33,9.9,12.1,2.3,4.37,6.9,1.0,0.0,0.0,0.0,0.0,0.0,0.0,7.33,9.9,12.1,2.3,4.37,6.9,0.0,0.0,0.0,0.0,0.0,0.0,0.0,0.0,0.0,0.0,0.0,0.0,77314.40722213779,16567.895690020207,4516.577040783845
2043-03-01,5.0,9.0,9999.0,7.33,9.9,12.1,2.3,4.37,6.9,1.0,0.0,0.0,0.0,0.0,0.0,0.0,7.33,9.9,12.1,2.3,4.37,6.9,0.0,0.0,0.0,0.0,0.0,0.0,0.0,0.0,0.0,0.0,0.0,0.0,77868.54958899718,16852.447772030886,4593.581832437482
2043-04-01,5.0,9.0,9999.0,7.33,9.9,12.1,2.3,4.37,6.9,1.0,0.0,0.0,0.0,0.0,0.0,0.0,7.33,9.9,12.1,2.3,4.37,6.9,0.0,0.0,0.0,0.0,0.0,0.0,0.0,0.0,0.0,0.0,0.0,0.0,78350.74282931413,17105.312611814516,4662.037512820055
2043-05-01,5.0,9.0,9999.0,7.33,9.9,12.1,2.3,4.37,6.9,1.0,0.0,0.0,0.0,0.0,0.0,0.0,7.33,9.9,12.1,2.3,4.37,6.9,0.0,0.0,0.0,0.0,0.0,0.0,0.0,0.0,0.0,0.0,0.0,0.0,83612.6973213039,20214.803780709844,5531.346644554643
2043-06-01,5.0,9.0,9999.0,7.33,9.9,12.1,2.3,4.37,6.9,1.0,0.0,0.0,0.0,0.0,0.0,0.0,7.33,9.9,12.1,2.3,4.37,6.9,0.0,0.0,0.0,0.0,0.0,0.0,0.0,0.0,0.0,0.0,0.0,0.0,85827.1079349326,21741.25625675171,5981.160304927897
2043-07-01,5.0,9.0,9999.0,7.33,9.9,12.1,2.3,4.37,6.9,1.0,0.0,0.0,0.0,0.0,0.0,0.0,7.33,9.9,12.1,2.3,4.37,6.9,0.0,0.0,0.0,0.0,0.0,0.0,0.0,0.0,0.0,0.0,0.0,0.0,87619.79831244666,23099.29252072434,6391.952608662157
2043-08-01,5.0,9.0,9999.0,7.33,9.9,12.1,2.3,4.37,6.9,1.0,0.0,0.0,0.0,0.0,0.0,0.0,7.33,9.9,12.1,2.3,4.37,6.9,0.0,0.0,0.0,0.0,0.0,0.0,0.0,0.0,0.0,0.0,0.0,0.0,88454.94003721603,23776.84296568553,6602.0757625855895
2043-09-01,5.0,9.0,9999.0,7.33,9.9,12.1,2.3,4.37,6.9,1.0,0.0,0.0,0.0,0.0,0.0,0.0,7.33,9.9,12.1,2.3,4.37,6.9,0.0,0.0,0.0,0.0,0.0,0.0,0.0,0.0,0.0,0.0,0.0,0.0,87065.38533503727,22665.217609287567,6258.9950028261155
2043-10-01,5.0,9.0,9999.0,7.33,9.9,12.1,2.3,4.37,6.9,1.0,0.0,0.0,0.0,0.0,0.0,0.0,7.33,9.9,12.1,2.3,4.37,6.9,0.0,0.0,0.0,0.0,0.0,0.0,0.0,0.0,0.0,0.0,0.0,0.0,85008.08904845658,21160.304987480693,5808.045899580718
2043-11-01,5.0,9.0,9999.0,7.33,9.9,12.1,2.3,4.37,6.9,1.0,0.0,0.0,0.0,0.0,0.0,0.0,7.33,9.9,12.1,2.3,4.37,6.9,0.0,0.0,0.0,0.0,0.0,0.0,0.0,0.0,0.0,0.0,0.0,0.0,78468.24798533671,17167.735997975506,4678.959307611155
2043-12-01,5.0,9.0,9999.0,7.33,9.9,12.1,2.3,4.37,6.9,1.0,0.0,0.0,0.0,0.0,0.0,0.0,7.33,9.9,12.1,2.3,4.37,6.9,0.0,0.0,0.0,0.0,0.0,0.0,0.0,0.0,0.0,0.0,0.0,0.0,75925.65751046709,15876.211338587264,4330.024768762086
2044-01-01,5.0,9.0,9999.0,7.33,9.9,12.1,2.3,4.37,6.9,1.0,0.0,0.0,0.0,0.0,0.0,0.0,7.33,9.9,12.1,2.3,4.37,6.9,0.0,0.0,0.0,0.0,0.0,0.0,0.0,0.0,0.0,0.0,0.0,0.0,75277.66091740385,15566.166118286901,4246.488583521259
2044-02-01,5.0,9.0,9999.0,7.33,9.9,12.1,2.3,4.37,6.9,1.0,0.0,0.0,0.0,0.0,0.0,0.0,7.33,9.9,12.1,2.3,4.37,6.9,0.0,0.0,0.0,0.0,0.0,0.0,0.0,0.0,0.0,0.0,0.0,0.0,77145.53027722795,16482.31103580553,4493.426175924768
2044-03-01,5.0,9.0,9999.0,7.33,9.9,12.1,2.3,4.37,6.9,1.0,0.0,0.0,0.0,0.0,0.0,0.0,7.33,9.9,12.1,2.3,4.37,6.9,0.0,0.0,0.0,0.0,0.0,0.0,0.0,0.0,0.0,0.0,0.0,0.0,80640.43779747248,18376.2372416168,5009.853072315264
2044-04-01,5.0,9.0,9999.0,7.33,9.9,12.1,2.3,4.37,6.9,1.0,0.0,0.0,0.0,0.0,0.0,0.0,7.33,9.9,12.1,2.3,4.37,6.9,0.0,0.0,0.0,0.0,0.0,0.0,0.0,0.0,0.0,0.0,0.0,0.0,83183.38271557452,19934.730258726537,5450.580140508739
2044-05-01,5.0,9.0,9999.0,7.33,9.9,12.1,2.3,4.37,6.9,1.0,0.0,0.0,0.0,0.0,0.0,0.0,7.33,9.9,12.1,2.3,4.37,6.9,0.0,0.0,0.0,0.0,0.0,0.0,0.0,0.0,0.0,0.0,0.0,0.0,89672.98673314147,24817.22521627382,6935.256119146292
2044-06-01,5.0,9.0,9999.0,7.33,9.9,12.1,2.3,4.37,6.9,1.0,0.0,0.0,0.0,0.0,0.0,0.0,7.33,9.9,12.1,2.3,4.37,6.9,0.0,0.0,0.0,0.0,0.0,0.0,0.0,0.0,0.0,0.0,0.0,0.0,88028.08559037022,23426.850671759265,6492.940666753318
2044-07-01,5.0,9.0,9999.0,7.33,9.9,12.1,2.3,4.37,6.9,1.0,0.0,0.0,0.0,0.0,0.0,0.0,7.33,9.9,12.1,2.3,4.37,6.9,0.0,0.0,0.0,0.0,0.0,0.0,0.0,0.0,0.0,0.0,0.0,0.0,89867.83781764368,24990.879839132154,6991.880382176063
2044-08-01,5.0,9.0,9999.0,7.33,9.9,12.1,2.3,4.37,6.9,1.0,0.0,0.0,0.0,0.0,0.0,0.0,7.33,9.9,12.1,2.3,4.37,6.9,0.0,0.0,0.0,0.0,0.0,0.0,0.0,0.0,0.0,0.0,0.0,0.0,91521.6313325678,26544.748224863026,7506.716473693681
2044-09-01,5.0,9.0,9999.0,7.33,9.9,12.1,2.3,4.37,6.9,1.0,0.0,0.0,0.0,0.0,0.0,0.0,7.33,9.9,12.1,2.3,4.37,6.9,0.0,0.0,0.0,0.0,0.0,0.0,0.0,0.0,0.0,0.0,0.0,0.0,91859.21448960659,26881.025274782816,7621.446142248242
2044-10-01,5.0,9.0,9999.0,7.33,9.9,12.1,2.3,4.37,6.9,1.0,0.0,0.0,0.0,0.0,0.0,0.0,7.33,9.9,12.1,2.3,4.37,6.9,0.0,0.0,0.0,0.0,0.0,0.0,0.0,0.0,0.0,0.0,0.0,0.0,83668.64846143252,20251.63830740054,5542.008657046263
2044-11-01,5.0,9.0,9999.0,7.33,9.9,12.1,2.3,4.37,6.9,1.0,0.0,0.0,0.0,0.0,0.0,0.0,7.33,9.9,12.1,2.3,4.37,6.9,0.0,0.0,0.0,0.0,0.0,0.0,0.0,0.0,0.0,0.0,0.0,0.0,78521.64939379191,17196.208422023028,4686.673090579096
2044-12-01,5.0,9.0,9999.0,7.33,9.9,12.1,2.3,4.37,6.9,1.0,0.0,0.0,0.0,0.0,0.0,0.0,7.33,9.9,12.1,2.3,4.37,6.9,0.0,0.0,0.0,0.0,0.0,0.0,0.0,0.0,0.0,0.0,0.0,0.0,75041.37349503947,15455.271700328043,4216.744529607257
2045-01-01,5.0,9.0,9999.0,7.33,9.9,12.1,2.3,4.37,6.9,1.0,0.0,0.0,0.0,0.0,0.0,0.0,7.33,9.9,12.1,2.3,4.37,6.9,0.0,0.0,0.0,0.0,0.0,0.0,0.0,0.0,0.0,0.0,0.0,0.0,73211.83570584057,14629.812142558383,3995.5178131086464
2045-02-01,5.0,9.0,9999.0,7.33,9.9,12.1,2.3,4.37,6.9,1.0,0.0,0.0,0.0,0.0,0.0,0.0,7.33,9.9,12.1,2.3,4.37,6.9,0.0,0.0,0.0,0.0,0.0,0.0,0.0,0.0,0.0,0.0,0.0,0.0,75593.7099420265,15716.17533878438,4286.8738198540195
2045-03-01,5.0,9.0,9999.0,7.33,9.9,12.1,2.3,4.37,6.9,1.0,0.0,0.0,0.0,0.0,0.0,0.0,7.33,9.9,12.1,2.3,4.37,6.9,0.0,0.0,0.0,0.0,0.0,0.0,0.0,0.0,0.0,0.0,0.0,0.0,76882.60732023408,16349.925655919791,4457.653482837686
2045-04-01,5.0,9.0,9999.0,7.33,9.9,12.1,2.3,4.37,6.9,1.0,0.0,0.0,0.0,0.0,0.0,0.0,7.33,9.9,12.1,2.3,4.37,6.9,0.0,0.0,0.0,0.0,0.0,0.0,0.0,0.0,0.0,0.0,0.0,0.0,81292.74613886228,18759.876613486256,5117.437112460042
2045-05-01,5.0,9.0,9999.0,7.33,9.9,12.1,2.3,4.37,6.9,1.0,0.0,0.0,0.0,0.0,0.0,0.0,7.33,9.9,12.1,2.3,4.37,6.9,0.0,0.0,0.0,0.0,0.0,0.0,0.0,0.0,0.0,0.0,0.0,0.0,80449.3122200819,18265.40294519908,4978.903115466095
2045-06-01,5.0,9.0,9999.0,7.33,9.9,12.1,2.3,4.37,6.9,1.0,0.0,0.0,0.0,0.0,0.0,0.0,7.33,9.9,12.1,2.3,4.37,6.9,0.0,0.0,0.0,0.0,0.0,0.0,0.0,0.0,0.0,0.0,0.0,0.0,88023.55045395398,23423.166718385146,6491.801979374352
2045-07-01,5.0,9.0,9999.0,7.33,9.9,12.1,2.3,4.37,6.9,1.0,0.0,0.0,0.0,0.0,0.0,0.0,7.33,9.9,12.1,2.3,4.37,6.9,0.0,0.0,0.0,0.0,0.0,0.0,0.0,0.0,0.0,0.0,0.0,0.0,87760.48125399438,23211.365413221207,6426.47700043108
2045-08-01,5.0,9.0,9999.0,7.33,9.9,12.1,2.3,4.37,6.9,1.0,0.0,0.0,0.0,0.0,0.0,0.0,7.33,9.9,12.1,2.3,4.37,6.9,0.0,0.0,0.0,0.0,0.0,0.0,0.0,0.0,0.0,0.0,0.0,0.0,89724.66750936785,24863.0759401265,6950.185622534581
2045-09-01,5.0,9.0,9999.0,7.33,9.9,12.1,2.3,4.37,6.9,1.0,0.0,0.0,0.0,0.0,0.0,0.0,7.33,9.9,12.1,2.3,4.37,6.9,0.0,0.0,0.0,0.0,0.0,0.0,0.0,0.0,0.0,0.0,0.0,0.0,87605.68209217867,23088.08394268276,6388.501820707998
2045-10-01,5.0,9.0,9999.0,7.33,9.9,12.1,2.3,4.37,6.9,1.0,0.0,0.0,0.0,0.0,0.0,0.0,7.33,9.9,12.1,2.3,4.37,6.9,0.0,0.0,0.0,0.0,0.0,0.0,0.0,0.0,0.0,0.0,0.0,0.0,81589.32875976214,18937.809177037703,5167.547737028252
2045-11-01,5.0,9.0,9999.0,7.33,9.9,12.1,2.3,4.37,6.9,1.0,0.0,0.0,0.0,0.0,0.0,0.0,7.33,9.9,12.1,2.3,4.37,6.9,0.0,0.0,0.0,0.0,0.0,0.0,0.0,0.0,0.0,0.0,0.0,0.0,75548.32090018861,15694.488382241014,4281.024225035346
2045-12-01,5.0,9.0,9999.0,7.33,9.9,12.1,2.3,4.37,6.9,1.0,0.0,0.0,0.0,0.0,0.0,0.0,7.33,9.9,12.1,2.3,4.37,6.9,0.0,0.0,0.0,0.0,0.0,0.0,0.0,0.0,0.0,0.0,0.0,0.0,72741.52900345472,14427.164764366375,3941.527038551854
2046-01-01,5.0,9.0,9999.0,7.33,9.9,12.1,2.3,4.37,6.9,1.0,0.0,0.0,0.0,0.0,0.0,0.0,7.33,9.9,12.1,2.3,4.37,6.9,0.0,0.0,0.0,0.0,0.0,0.0,0.0,0.0,0.0,0.0,0.0,0.0,74830.52425491942,15357.287135759812,4190.482331750093
2046-02-01,5.0,9.0,9999.0,7.33,9.9,12.1,2.3,4.37,6.9,1.0,0.0,0.0,0.0,0.0,0.0,0.0,7.33,9.9,12.1,2.3,4.37,6.9,0.0,0.0,0.0,0.0,0.0,0.0,0.0,0.0,0.0,0.0,0.0,0.0,75924.34383892264,15875.57279536524,4329.852940103063
2046-03-01,5.0,9.0,9999.0,7.33,9.9,12.1,2.3,4.37,6.9,1.0,0.0,0.0,0.0,0.0,0.0,0.0,7.33,9.9,12.1,2.3,4.37,6.9,0.0,0.0,0.0,0.0,0.0,0.0,0.0,0.0,0.0,0.0,0.0,0.0,75335.53170677727,15593.510395114616,4253.838796186251
2046-04-01,5.0,9.0,9999.0,7.33,9.9,12.1,2.3,4.37,6.9,1.0,0.0,0.0,0.0,0.0,0.0,0.0,7.33,9.9,12.1,2.3,4.37,6.9,0.0,0.0,0.0,0.0,0.0,0.0,0.0,0.0,0.0,0.0,0.0,0.0,79729.83000069384,17856.740453781247,4866.164344488292
2046-05-01,5.0,9.0,9999.0,7.33,9.9,12.1,2.3,4.37,6.9,1.0,0.0,0.0,0.0,0.0,0.0,0.0,7.33,9.9,12.1,2.3,4.37,6.9,0.0,0.0,0.0,0.0,0.0,0.0,0.0,0.0,0.0,0.0,0.0,0.0,80162.02696760559,18100.816439967457,4933.263037583505
2046-06-01,5.0,9.0,9999.0,7.33,9.9,12.1,2.3,4.37,6.9,1.0,0.0,0.0,0.0,0.0,0.0,0.0,7.33,9.9,12.1,2.3,4.37,6.9,0.0,0.0,0.0,0.0,0.0,0.0,0.0,0.0,0.0,0.0,0.0,0.0,88492.34961495412,23807.792113520383,6611.796546480367
2046-07-01,5.0,9.0,9999.0,7.33,9.9,12.1,2.3,4.37,6.9,1.0,0.0,0.0,0.0,0.0,0.0,0.0,7.33,9.9,12.1,2.3,4.37,6.9,0.0,0.0,0.0,0.0,0.0,0.0,0.0,0.0,0.0,0.0,0.0,0.0,92052.93948728284,27076.362147240725,7689.19333304368
2046-08-01,5.0,9.0,9999.0,7.33,9.9,12.1,2.3,4.37,6.9,1.0,0.0,0.0,0.0,0.0,0.0,0.0,7.33,9.9,12.1,2.3,4.37,6.9,0.0,0.0,0.0,0.0,0.0,0.0,0.0,0.0,0.0,0.0,0.0,0.0,90934.53379105992,25975.81218485115,7316.6883959645
2046-09-01,5.0,9.0,9999.0,7.33,9.9,12.1,2.3,4.37,6.9,1.0,0.0,0.0,0.0,0.0,0.0,0.0,7.33,9.9,12.1,2.3,4.37,6.9,0.0,0.0,0.0,0.0,0.0,0.0,0.0,0.0,0.0,0.0,0.0,0.0,87997.9923893775,23402.417697938585,6485.390942016101
2046-10-01,5.0,9.0,9999.0,7.33,9.9,12.1,2.3,4.37,6.9,1.0,0.0,0.0,0.0,0.0,0.0,0.0,7.33,9.9,12.1,2.3,4.37,6.9,0.0,0.0,0.0,0.0,0.0,0.0,0.0,0.0,0.0,0.0,0.0,0.0,85279.4129790574,21350.450439901695,5864.417607415699
2046-11-01,5.0,9.0,9999.0,7.33,9.9,12.1,2.3,4.37,6.9,1.0,0.0,0.0,0.0,0.0,0.0,0.0,7.33,9.9,12.1,2.3,4.37,6.9,0.0,0.0,0.0,0.0,0.0,0.0,0.0,0.0,0.0,0.0,0.0,0.0,79703.37772256222,17841.938477763168,4862.115177559272
2046-12-01,5.0,9.0,9999.0,7.33,9.9,12.1,2.3,4.37,6.9,1.0,0.0,0.0,0.0,0.0,0.0,0.0,7.33,9.9,12.1,2.3,4.37,6.9,0.0,0.0,0.0,0.0,0.0,0.0,0.0,0.0,0.0,0.0,0.0,0.0,72121.41681392759,14164.457271453897,3872.7475108446756
2047-01-01,5.0,9.0,9999.0,7.33,9.9,12.1,2.3,4.37,6.9,1.0,0.0,0.0,0.0,0.0,0.0,0.0,7.33,9.9,12.1,2.3,4.37,6.9,0.0,0.0,0.0,0.0,0.0,0.0,0.0,0.0,0.0,0.0,0.0,0.0,72801.28716969625,14452.745752607949,3948.2888471777364
2047-02-01,5.0,9.0,9999.0,7.33,9.9,12.1,2.3,4.37,6.9,1.0,0.0,0.0,0.0,0.0,0.0,0.0,7.33,9.9,12.1,2.3,4.37,6.9,0.0,0.0,0.0,0.0,0.0,0.0,0.0,0.0,0.0,0.0,0.0,0.0,79381.80204010454,17663.05105404751,4813.4718576365685
2047-03-01,5.0,9.0,9999.0,7.33,9.9,12.1,2.3,4.37,6.9,1.0,0.0,0.0,0.0,0.0,0.0,0.0,7.33,9.9,12.1,2.3,4.37,6.9,0.0,0.0,0.0,0.0,0.0,0.0,0.0,0.0,0.0,0.0,0.0,0.0,77847.56726856988,16841.566629982903,4590.633768649962
2047-04-01,5.0,9.0,9999.0,7.33,9.9,12.1,2.3,4.37,6.9,1.0,0.0,0.0,0.0,0.0,0.0,0.0,7.33,9.9,12.1,2.3,4.37,6.9,0.0,0.0,0.0,0.0,0.0,0.0,0.0,0.0,0.0,0.0,0.0,0.0,79840.42641853953,17918.759812268625,4883.170384683334
2047-05-01,5.0,9.0,9999.0,7.33,9.9,12.1,2.3,4.37,6.9,1.0,0.0,0.0,0.0,0.0,0.0,0.0,7.33,9.9,12.1,2.3,4.37,6.9,0.0,0.0,0.0,0.0,0.0,0.0,0.0,0.0,0.0,0.0,0.0,0.0,81373.59866947257,18808.10648099143,5131.033591905573
2047-06-01,5.0,9.0,9999.0,7.33,9.9,12.1,2.3,4.37,6.9,1.0,0.0,0.0,0.0,0.0,0.0,0.0,7.33,9.9,12.1,2.3,4.37,6.9,0.0,0.0,0.0,0.0,0.0,0.0,0.0,0.0,0.0,0.0,0.0,0.0,85266.35885869096,21341.276475642528,5861.689313727608
2047-07-01,5.0,9.0,9999.0,7.33,9.9,12.1,2.3,4.37,6.9,1.0,0.0,0.0,0.0,0.0,0.0,0.0,7.33,9.9,12.1,2.3,4.37,6.9,0.0,0.0,0.0,0.0,0.0,0.0,0.0,0.0,0.0,0.0,0.0,0.0,86458.90336041726,22205.19529025437,6120.303567247171
2047-08-01,5.0,9.0,9999.0,7.33,9.9,12.1,2.3,4.37,6.9,1.0,0.0,0.0,0.0,0.0,0.0,0.0,7.33,9.9,12.1,2.3,4.37,6.9,0.0,0.0,0.0,0.0,0.0,0.0,0.0,0.0,0.0,0.0,0.0,0.0,87062.32730083843,22662.859333902925,6258.276924692333
2047-09-01,5.0,9.0,9999.0,7.33,9.9,12.1,2.3,4.37,6.9,1.0,0.0,0.0,0.0,0.0,0.0,0.0,7.33,9.9,12.1,2.3,4.37,6.9,0.0,0.0,0.0,0.0,0.0,0.0,0.0,0.0,0.0,0.0,0.0,0.0,86308.40462047837,22093.33529815653,6086.816774085943
2047-10-01,5.0,9.0,9999.0,7.33,9.9,12.1,2.3,4.37,6.9,1.0,0.0,0.0,0.0,0.0,0.0,0.0,7.33,9.9,12.1,2.3,4.37,6.9,0.0,0.0,0.0,0.0,0.0,0.0,0.0,0.0,0.0,0.0,0.0,0.0,85519.9600952782,21520.889941741305,5915.167163510678
2047-11-01,5.0,9.0,9999.0,7.33,9.9,12.1,2.3,4.37,6.9,1.0,0.0,0.0,0.0,0.0,0.0,0.0,7.33,9.9,12.1,2.3,4.37,6.9,0.0,0.0,0.0,0.0,0.0,0.0,0.0,0.0,0.0,0.0,0.0,0.0,77906.3088198893,16872.043637909475,4598.894673029514
2047-12-01,5.0,9.0,9999.0,7.33,9.9,12.1,2.3,4.37,6.9,1.0,0.0,0.0,0.0,0.0,0.0,0.0,7.33,9.9,12.1,2.3,4.37,6.9,0.0,0.0,0.0,0.0,0.0,0.0,0.0,0.0,0.0,0.0,0.0,0.0,70014.8828199012,13312.782980439795,3650.8337207010254
2048-01-01,5.0,9.0,9999.0,7.33,9.9,12.1,2.3,4.37,6.9,1.0,0.0,0.0,0.0,0.0,0.0,0.0,7.33,9.9,12.1,2.3,4.37,6.9,0.0,0.0,0.0,0.0,0.0,0.0,0.0,0.0,0.0,0.0,0.0,0.0,73826.71260442658,14900.359543646848,4067.992570075822
2048-02-01,5.0,9.0,9999.0,7.33,9.9,12.1,2.3,4.37,6.9,1.0,0.0,0.0,0.0,0.0,0.0,0.0,7.33,9.9,12.1,2.3,4.37,6.9,0.0,0.0,0.0,0.0,0.0,0.0,0.0,0.0,0.0,0.0,0.0,0.0,79029.91176535437,17470.33312762062,4761.0361939827935
2048-03-01,5.0,9.0,9999.0,7.33,9.9,12.1,2.3,4.37,6.9,1.0,0.0,0.0,0.0,0.0,0.0,0.0,7.33,9.9,12.1,2.3,4.37,6.9,0.0,0.0,0.0,0.0,0.0,0.0,0.0,0.0,0.0,0.0,0.0,0.0,73701.34603342286,14844.537049835535,4053.075304116784
2048-04-01,5.0,9.0,9999.0,7.33,9.9,12.1,2.3,4.37,6.9,1.0,0.0,0.0,0.0,0.0,0.0,0.0,7.33,9.9,12.1,2.3,4.37,6.9,0.0,0.0,0.0,0.0,0.0,0.0,0.0,0.0,0.0,0.0,0.0,0.0,78652.91716200487,17266.524955729463,4705.710236458566
2048-05-01,5.0,9.0,9999.0,7.33,9.9,12.1,2.3,4.37,6.9,1.0,0.0,0.0,0.0,0.0,0.0,0.0,7.33,9.9,12.1,2.3,4.37,6.9,0.0,0.0,0.0,0.0,0.0,0.0,0.0,0.0,0.0,0.0,0.0,0.0,82186.37785944364,19303.45048504247,5270.56982634374
2048-06-01,5.0,9.0,9999.0,7.33,9.9,12.1,2.3,4.37,6.9,1.0,0.0,0.0,0.0,0.0,0.0,0.0,7.33,9.9,12.1,2.3,4.37,6.9,0.0,0.0,0.0,0.0,0.0,0.0,0.0,0.0,0.0,0.0,0.0,0.0,84642.51172625911,20906.86554259089,5733.252136317219
2048-07-01,5.0,9.0,9999.0,7.33,9.9,12.1,2.3,4.37,6.9,1.0,0.0,0.0,0.0,0.0,0.0,0.0,7.33,9.9,12.1,2.3,4.37,6.9,0.0,0.0,0.0,0.0,0.0,0.0,0.0,0.0,0.0,0.0,0.0,0.0,88471.02474603437,23790.146727295945,6606.254758796137
2048-08-01,5.0,9.0,9999.0,7.33,9.9,12.1,2.3,4.37,6.9,1.0,0.0,0.0,0.0,0.0,0.0,0.0,7.33,9.9,12.1,2.3,4.37,6.9,0.0,0.0,0.0,0.0,0.0,0.0,0.0,0.0,0.0,0.0,0.0,0.0,89745.21442682223,24881.351500965182,6956.141559012073
2048-09-01,5.0,9.0,9999.0,7.33,9.9,12.1,2.3,4.37,6.9,1.0,0.0,0.0,0.0,0.0,0.0,0.0,7.33,9.9,12.1,2.3,4.37,6.9,0.0,0.0,0.0,0.0,0.0,0.0,0.0,0.0,0.0,0.0,0.0,0.0,88845.46806482288,24102.96847094065,6704.919235085568
2048-10-01,5.0,9.0,9999.0,7.33,9.9,12.1,2.3,4.37,6.9,1.0,0.0,0.0,0.0,0.0,0.0,0.0,7.33,9.9,12.1,2.3,4.37,6.9,0.0,0.0,0.0,0.0,0.0,0.0,0.0,0.0,0.0,0.0,0.0,0.0,81811.3000602444,19072.672648884494,5205.4656536387565
2048-11-01,5.0,9.0,9999.0,7.33,9.9,12.1,2.3,4.37,6.9,1.0,0.0,0.0,0.0,0.0,0.0,0.0,7.33,9.9,12.1,2.3,4.37,6.9,0.0,0.0,0.0,0.0,0.0,0.0,0.0,0.0,0.0,0.0,0.0,0.0,77039.2431528012,16428.668622472032,4478.935735961032
2048-12-01,5.0,9.0,9999.0,7.33,9.9,12.1,2.3,4.37,6.9,1.0,0.0,0.0,0.0,0.0,0.0,0.0,7.33,9.9,12.1,2.3,4.37,6.9,0.0,0.0,0.0,0.0,0.0,0.0,0.0,0.0,0.0,0.0,0.0,0.0,70956.64223692942,13685.41977950025,3747.7389383280993
2049-01-01,5.0,9.0,9999.0,7.33,9.9,12.1,2.3,4.37,6.9,1.0,0.0,0.0,0.0,0.0,0.0,0.0,7.33,9.9,12.1,2.3,4.37,6.9,0.0,0.0,0.0,0.0,0.0,0.0,0.0,0.0,0.0,0.0,0.0,0.0,70803.27674388635,13623.922770995276,3731.720366730796
2049-02-01,5.0,9.0,9999.0,7.33,9.9,12.1,2.3,4.37,6.9,1.0,0.0,0.0,0.0,0.0,0.0,0.0,7.33,9.9,12.1,2.3,4.37,6.9,0.0,0.0,0.0,0.0,0.0,0.0,0.0,0.0,0.0,0.0,0.0,0.0,73712.0512602516,14849.287975469739,4054.3477303376058
2049-03-01,5.0,9.0,9999.0,7.33,9.9,12.1,2.3,4.37,6.9,1.0,0.0,0.0,0.0,0.0,0.0,0.0,7.33,9.9,12.1,2.3,4.37,6.9,0.0,0.0,0.0,0.0,0.0,0.0,0.0,0.0,0.0,0.0,0.0,0.0,73147.56382295696,14601.909813287477,3988.0556285147654
2049-04-01,5.0,9.0,9999.0,7.33,9.9,12.1,2.3,4.37,6.9,1.0,0.0,0.0,0.0,0.0,0.0,0.0,7.33,9.9,12.1,2.3,4.37,6.9,0.0,0.0,0.0,0.0,0.0,0.0,0.0,0.0,0.0,0.0,0.0,0.0,78781.11193929902,17335.53399642992,4724.428302509777
2049-05-01,5.0,9.0,9999.0,7.33,9.9,12.1,2.3,4.37,6.9,1.0,0.0,0.0,0.0,0.0,0.0,0.0,7.33,9.9,12.1,2.3,4.37,6.9,0.0,0.0,0.0,0.0,0.0,0.0,0.0,0.0,0.0,0.0,0.0,0.0,82824.89474074882,19704.529943948215,5384.653455969498
2049-06-01,5.0,9.0,9999.0,7.33,9.9,12.1,2.3,4.37,6.9,1.0,0.0,0.0,0.0,0.0,0.0,0.0,7.33,9.9,12.1,2.3,4.37,6.9,0.0,0.0,0.0,0.0,0.0,0.0,0.0,0.0,0.0,0.0,0.0,0.0,82671.40491676416,19607.11053552158,5356.823662546893
2049-07-01,5.0,9.0,9999.0,7.33,9.9,12.1,2.3,4.37,6.9,1.0,0.0,0.0,0.0,0.0,0.0,0.0,7.33,9.9,12.1,2.3,4.37,6.9,0.0,0.0,0.0,0.0,0.0,0.0,0.0,0.0,0.0,0.0,0.0,0.0,87502.93806634481,23006.766074805455,6363.468770922042
2049-08-01,5.0,9.0,9999.0,7.33,9.9,12.1,2.3,4.37,6.9,1.0,0.0,0.0,0.0,0.0,0.0,0.0,7.33,9.9,12.1,2.3,4.37,6.9,0.0,0.0,0.0,0.0,0.0,0.0,0.0,0.0,0.0,0.0,0.0,0.0,87384.16292708549,22913.243874021457,6334.758459184997
2049-09-01,5.0,9.0,9999.0,7.33,9.9,12.1,2.3,4.37,6.9,1.0,0.0,0.0,0.0,0.0,0.0,0.0,7.33,9.9,12.1,2.3,4.37,6.9,0.0,0.0,0.0,0.0,0.0,0.0,0.0,0.0,0.0,0.0,0.0,0.0,87680.25474107172,23147.388009018596,6406.752649879843
2049-10-01,5.0,9.0,9999.0,7.33,9.9,12.1,2.3,4.37,6.9,1.0,0.0,0.0,0.0,0.0,0.0,0.0,7.33,9.9,12.1,2.3,4.37,6.9,0.0,0.0,0.0,0.0,0.0,0.0,0.0,0.0,0.0,0.0,0.0,0.0,83767.54018976721,20316.8702500534,5560.952411364443
2049-11-01,5.0,9.0,9999.0,7.33,9.9,12.1,2.3,4.37,6.9,1.0,0.0,0.0,0.0,0.0,0.0,0.0,7.33,9.9,12.1,2.3,4.37,6.9,0.0,0.0,0.0,0.0,0.0,0.0,0.0,0.0,0.0,0.0,0.0,0.0,75967.54330031312,15896.596482340974,4335.516585234626
2049-12-01,5.0,9.0,9999.0,7.33,9.9,12.1,2.3,4.37,6.9,1.0,0.0,0.0,0.0,0.0,0.0,0.0,7.33,9.9,12.1,2.3,4.37,6.9,0.0,0.0,0.0,0.0,0.0,0.0,0.0,0.0,0.0,0.0,0.0,0.0,71891.95125793417,14068.423052275482,3847.6699895265606
2050-01-01,5.0,9.0,9999.0,7.33,9.9,12.1,2.3,4.37,6.9,1.0,0.0,0.0,0.0,0.0,0.0,0.0,7.33,9.9,12.1,2.3,4.37,6.9,0.0,0.0,0.0,0.0,0.0,0.0,0.0,0.0,0.0,0.0,0.0,0.0,73097.08582666486,14580.023733651244,3982.200289035998
2050-02-01,5.0,9.0,9999.0,7.33,9.9,12.1,2.3,4.37,6.9,1.0,0.0,0.0,0.0,0.0,0.0,0.0,7.33,9.9,12.1,2.3,4.37,6.9,0.0,0.0,0.0,0.0,0.0,0.0,0.0,0.0,0.0,0.0,0.0,0.0,73547.67318209038,14776.574144108443,4034.8708892901823
2050-03-01,5.0,9.0,9999.0,7.33,9.9,12.1,2.3,4.37,6.9,1.0,0.0,0.0,0.0,0.0,0.0,0.0,7.33,9.9,12.1,2.3,4.37,6.9,0.0,0.0,0.0,0.0,0.0,0.0,0.0,0.0,0.0,0.0,0.0,0.0,73687.47325309669,14838.38448438372,4051.426498201954
2050-04-01,5.0,9.0,9999.0,7.33,9.9,12.1,2.3,4.37,6.9,1.0,0.0,0.0,0.0,0.0,0.0,0.0,7.33,9.9,12.1,2.3,4.37,6.9,0.0,0.0,0.0,0.0,0.0,0.0,0.0,0.0,0.0,0.0,0.0,0.0,81181.47799023308,18693.730101852798,5098.822458677503
2050-05-01,5.0,9.0,9999.0,7.33,9.9,12.1,2.3,4.37,6.9,1.0,0.0,0.0,0.0,0.0,0.0,0.0,7.33,9.9,12.1,2.3,4.37,6.9,0.0,0.0,0.0,0.0,0.0,0.0,0.0,0.0,0.0,0.0,0.0,0.0,80833.07604652076,18488.6953133533,5041.289897693883
2050-06-01,5.0,9.0,9999.0,7.33,9.9,12.1,2.3,4.37,6.9,1.0,0.0,0.0,0.0,0.0,0.0,0.0,7.33,9.9,12.1,2.3,4.37,6.9,0.0,0.0,0.0,0.0,0.0,0.0,0.0,0.0,0.0,0.0,0.0,0.0,81667.50721076736,18985.152825981524,5180.850211546603
2050-07-01,5.0,9.0,9999.0,7.33,9.9,12.1,2.3,4.37,6.9,1.0,0.0,0.0,0.0,0.0,0.0,0.0,7.33,9.9,12.1,2.3,4.37,6.9,0.0,0.0,0.0,0.0,0.0,0.0,0.0,0.0,0.0,0.0,0.0,0.0,85380.11417082246,21421.55023759732,5885.561245404056
2050-08-01,5.0,9.0,9999.0,7.33,9.9,12.1,2.3,4.37,6.9,1.0,0.0,0.0,0.0,0.0,0.0,0.0,7.33,9.9,12.1,2.3,4.37,6.9,0.0,0.0,0.0,0.0,0.0,0.0,0.0,0.0,0.0,0.0,0.0,0.0,88969.465907279,24207.78305385322,6738.336103795383
2050-09-01,5.0,9.0,9999.0,7.33,9.9,12.1,2.3,4.37,6.9,1.0,0.0,0.0,0.0,0.0,0.0,0.0,7.33,9.9,12.1,2.3,4.37,6.9,0.0,0.0,0.0,0.0,0.0,0.0,0.0,0.0,0.0,0.0,0.0,0.0,85591.1123568043,21571.682825282624,5930.32465773962
2050-10-01,5.0,9.0,9999.0,7.33,9.9,12.1,2.3,4.37,6.9,1.0,0.0,0.0,0.0,0.0,0.0,0.0,7.33,9.9,12.1,2.3,4.37,6.9,0.0,0.0,0.0,0.0,0.0,0.0,0.0,0.0,0.0,0.0,0.0,0.0,83266.41777450257,19988.489508674622,5466.038637272493
2050-11-01,5.0,9.0,9999.0,7.33,9.9,12.1,2.3,4.37,6.9,1.0,0.0,0.0,0.0,0.0,0.0,0.0,7.33,9.9,12.1,2.3,4.37,6.9,0.0,0.0,0.0,0.0,0.0,0.0,0.0,0.0,0.0,0.0,0.0,0.0,76666.83212455589,16241.9200672544,4428.473961888991
2050-12-01,5.0,9.0,9999.0,7.33,9.9,12.1,2.3,4.37,6.9,1.0,0.0,0.0,0.0,0.0,0.0,0.0,7.33,9.9,12.1,2.3,4.37,6.9,0.0,0.0,0.0,0.0,0.0,0.0,0.0,0.0,0.0,0.0,0.0,0.0,71549.25954144224,13926.367105160522,3810.643006659484
2051-01-01,5.0,9.0,9999.0,7.33,9.9,12.1,2.3,4.37,6.9,1.0,0.0,0.0,0.0,0.0,0.0,0.0,7.33,9.9,12.1,2.3,4.37,6.9,0.0,0.0,0.0,0.0,0.0,0.0,0.0,0.0,0.0,0.0,0.0,0.0,75141.8652559727,15502.244941867059,4229.3296037114615
2051-02-01,5.0,9.0,9999.0,7.33,9.9,12.1,2.3,4.37,6.9,1.0,0.0,0.0,0.0,0.0,0.0,0.0,7.33,9.9,12.1,2.3,4.37,6.9,0.0,0.0,0.0,0.0,0.0,0.0,0.0,0.0,0.0,0.0,0.0,0.0,78013.02113443012,16927.63320387504,4613.942352411185
2051-03-01,5.0,9.0,9999.0,7.33,9.9,12.1,2.3,4.37,6.9,1.0,0.0,0.0,0.0,0.0,0.0,0.0,7.33,9.9,12.1,2.3,4.37,6.9,0.0,0.0,0.0,0.0,0.0,0.0,0.0,0.0,0.0,0.0,0.0,0.0,77868.54958899718,16852.447772030886,4593.581832437482
2051-04-01,5.0,9.0,9999.0,7.33,9.9,12.1,2.3,4.37,6.9,1.0,0.0,0.0,0.0,0.0,0.0,0.0,7.33,9.9,12.1,2.3,4.37,6.9,0.0,0.0,0.0,0.0,0.0,0.0,0.0,0.0,0.0,0.0,0.0,0.0,80674.27416908774,18395.953977470195,5015.356916017938
2051-05-01,5.0,9.0,9999.0,7.33,9.9,12.1,2.3,4.37,6.9,1.0,0.0,0.0,0.0,0.0,0.0,0.0,7.33,9.9,12.1,2.3,4.37,6.9,0.0,0.0,0.0,0.0,0.0,0.0,0.0,0.0,0.0,0.0,0.0,0.0,85043.4404369003,21184.983594015266,5815.340759591663
2051-06-01,5.0,9.0,9999.0,7.33,9.9,12.1,2.3,4.37,6.9,1.0,0.0,0.0,0.0,0.0,0.0,0.0,7.33,9.9,12.1,2.3,4.37,6.9,0.0,0.0,0.0,0.0,0.0,0.0,0.0,0.0,0.0,0.0,0.0,0.0,87517.15090995912,23017.99441118328,6366.917132817036
2051-07-01,5.0,9.0,9999.0,7.33,9.9,12.1,2.3,4.37,6.9,1.0,0.0,0.0,0.0,0.0,0.0,0.0,7.33,9.9,12.1,2.3,4.37,6.9,0.0,0.0,0.0,0.0,0.0,0.0,0.0,0.0,0.0,0.0,0.0,0.0,88206.03988513017,23571.932078591835,6537.953109529003
2051-08-01,5.0,9.0,9999.0,7.33,9.9,12.1,2.3,4.37,6.9,1.0,0.0,0.0,0.0,0.0,0.0,0.0,7.33,9.9,12.1,2.3,4.37,6.9,0.0,0.0,0.0,0.0,0.0,0.0,0.0,0.0,0.0,0.0,0.0,0.0,89702.32499025438,24843.23740264107,6943.723529640375
2051-09-01,5.0,9.0,9999.0,7.33,9.9,12.1,2.3,4.37,6.9,1.0,0.0,0.0,0.0,0.0,0.0,0.0,7.33,9.9,12.1,2.3,4.37,6.9,0.0,0.0,0.0,0.0,0.0,0.0,0.0,0.0,0.0,0.0,0.0,0.0,89014.8211410513,24246.265781520742,6750.64556668188
2051-10-01,5.0,9.0,9999.0,7.33,9.9,12.1,2.3,4.37,6.9,1.0,0.0,0.0,0.0,0.0,0.0,0.0,7.33,9.9,12.1,2.3,4.37,6.9,0.0,0.0,0.0,0.0,0.0,0.0,0.0,0.0,0.0,0.0,0.0,0.0,84831.58929310027,21037.565719563645,5771.7945268858175
2051-11-01,5.0,9.0,9999.0,7.33,9.9,12.1,2.3,4.37,6.9,1.0,0.0,0.0,0.0,0.0,0.0,0.0,7.33,9.9,12.1,2.3,4.37,6.9,0.0,0.0,0.0,0.0,0.0,0.0,0.0,0.0,0.0,0.0,0.0,0.0,81592.36175414891,18939.642772230352,5168.0632285157035
2051-12-01,5.0,9.0,9999.0,7.33,9.9,12.1,2.3,4.37,6.9,1.0,0.0,0.0,0.0,0.0,0.0,0.0,7.33,9.9,12.1,2.3,4.37,6.9,0.0,0.0,0.0,0.0,0.0,0.0,0.0,0.0,0.0,0.0,0.0,0.0,74903.68205333587,15391.22280424854,4199.578131893108
2052-01-01,5.0,9.0,9999.0,7.33,9.9,12.1,2.3,4.37,6.9,1.0,0.0,0.0,0.0,0.0,0.0,0.0,7.33,9.9,12.1,2.3,4.37,6.9,0.0,0.0,0.0,0.0,0.0,0.0,0.0,0.0,0.0,0.0,0.0,0.0,76858.77535348889,16337.980345779873,4454.421756644705
2052-02-01,5.0,9.0,9999.0,7.33,9.9,12.1,2.3,4.37,6.9,1.0,0.0,0.0,0.0,0.0,0.0,0.0,7.33,9.9,12.1,2.3,4.37,6.9,0.0,0.0,0.0,0.0,0.0,0.0,0.0,0.0,0.0,0.0,0.0,0.0,77702.48345283123,16766.578343391993,4570.3245698287365
2052-03-01,5.0,9.0,9999.0,7.33,9.9,12.1,2.3,4.37,6.9,1.0,0.0,0.0,0.0,0.0,0.0,0.0,7.33,9.9,12.1,2.3,4.37,6.9,0.0,0.0,0.0,0.0,0.0,0.0,0.0,0.0,0.0,0.0,0.0,0.0,77462.89070338698,16643.5362076888,4537.074418346321
2052-04-01,5.0,9.0,9999.0,7.33,9.9,12.1,2.3,4.37,6.9,1.0,0.0,0.0,0.0,0.0,0.0,0.0,7.33,9.9,12.1,2.3,4.37,6.9,0.0,0.0,0.0,0.0,0.0,0.0,0.0,0.0,0.0,0.0,0.0,0.0,77628.1372076616,16728.269901101103,4559.978465817258
2052-05-01,5.0,9.0,9999.0,7.33,9.9,12.1,2.3,4.37,6.9,1.0,0.0,0.0,0.0,0.0,0.0,0.0,7.33,9.9,12.1,2.3,4.37,6.9,0.0,0.0,0.0,0.0,0.0,0.0,0.0,0.0,0.0,0.0,0.0,0.0,83683.11079214992,20261.165824342155,5544.773943807644
2052-06-01,5.0,9.0,9999.0,7.33,9.9,12.1,2.3,4.37,6.9,1.0,0.0,0.0,0.0,0.0,0.0,0.0,7.33,9.9,12.1,2.3,4.37,6.9,0.0,0.0,0.0,0.0,0.0,0.0,0.0,0.0,0.0,0.0,0.0,0.0,87767.60197279116,23217.051950448134,6428.230477793968
2052-07-01,5.0,9.0,9999.0,7.33,9.9,12.1,2.3,4.37,6.9,1.0,0.0,0.0,0.0,0.0,0.0,0.0,7.33,9.9,12.1,2.3,4.37,6.9,0.0,0.0,0.0,0.0,0.0,0.0,0.0,0.0,0.0,0.0,0.0,0.0,86850.44122675202,22500.513393233774,6209.068296049713
2052-08-01,5.0,9.0,9999.0,7.33,9.9,12.1,2.3,4.37,6.9,1.0,0.0,0.0,0.0,0.0,0.0,0.0,7.33,9.9,12.1,2.3,4.37,6.9,0.0,0.0,0.0,0.0,0.0,0.0,0.0,0.0,0.0,0.0,0.0,0.0,91701.37077232348,26722.855096112336,7567.232350881719
2052-09-01,5.0,9.0,9999.0,7.33,9.9,12.1,2.3,4.37,6.9,1.0,0.0,0.0,0.0,0.0,0.0,0.0,7.33,9.9,12.1,2.3,4.37,6.9,0.0,0.0,0.0,0.0,0.0,0.0,0.0,0.0,0.0,0.0,0.0,0.0,89250.37406617502,24448.179876236503,6815.657683780965
2052-10-01,5.0,9.0,9999.0,7.33,9.9,12.1,2.3,4.37,6.9,1.0,0.0,0.0,0.0,0.0,0.0,0.0,7.33,9.9,12.1,2.3,4.37,6.9,0.0,0.0,0.0,0.0,0.0,0.0,0.0,0.0,0.0,0.0,0.0,0.0,85644.58868662629,21609.942236440293,5941.771702037885
2052-11-01,5.0,9.0,9999.0,7.33,9.9,12.1,2.3,4.37,6.9,1.0,0.0,0.0,0.0,0.0,0.0,0.0,7.33,9.9,12.1,2.3,4.37,6.9,0.0,0.0,0.0,0.0,0.0,0.0,0.0,0.0,0.0,0.0,0.0,0.0,78436.23491633682,17150.705776550614,4674.341259919953
2052-12-01,5.0,9.0,9999.0,7.33,9.9,12.1,2.3,4.37,6.9,1.0,0.0,0.0,0.0,0.0,0.0,0.0,7.33,9.9,12.1,2.3,4.37,6.9,0.0,0.0,0.0,0.0,0.0,0.0,0.0,0.0,0.0,0.0,0.0,0.0,77688.55766448195,16759.399299065783,4568.385106599927
2053-01-01,5.0,9.0,9999.0,7.33,9.9,12.1,2.3,4.37,6.9,1.0,0.0,0.0,0.0,0.0,0.0,0.0,7.33,9.9,12.1,2.3,4.37,6.9,0.0,0.0,0.0,0.0,0.0,0.0,0.0,0.0,0.0,0.0,0.0,0.0,74505.31770980461,15207.57407565815,4150.324714842078
2053-02-01,5.0,9.0,9999.0,7.33,9.9,12.1,2.3,4.37,6.9,1.0,0.0,0.0,0.0,0.0,0.0,0.0,7.33,9.9,12.1,2.3,4.37,6.9,0.0,0.0,0.0,0.0,0.0,0.0,0.0,0.0,0.0,0.0,0.0,0.0,73700.90058400543,14844.339477172563,4053.022366023004
2053-03-01,5.0,9.0,9999.0,7.33,9.9,12.1,2.3,4.37,6.9,1.0,0.0,0.0,0.0,0.0,0.0,0.0,7.33,9.9,12.1,2.3,4.37,6.9,0.0,0.0,0.0,0.0,0.0,0.0,0.0,0.0,0.0,0.0,0.0,0.0,79131.99100800787,17525.9702304601,4776.169043759576
2053-04-01,5.0,9.0,9999.0,7.33,9.9,12.1,2.3,4.37,6.9,1.0,0.0,0.0,0.0,0.0,0.0,0.0,7.33,9.9,12.1,2.3,4.37,6.9,0.0,0.0,0.0,0.0,0.0,0.0,0.0,0.0,0.0,0.0,0.0,0.0,80664.60837589778,18390.31858738982,5013.78397072136
2053-05-01,5.0,9.0,9999.0,7.33,9.9,12.1,2.3,4.37,6.9,1.0,0.0,0.0,0.0,0.0,0.0,0.0,7.33,9.9,12.1,2.3,4.37,6.9,0.0,0.0,0.0,0.0,0.0,0.0,0.0,0.0,0.0,0.0,0.0,0.0,81537.77340197089,18906.67011658791,5158.791067771474
2053-06-01,5.0,9.0,9999.0,7.33,9.9,12.1,2.3,4.37,6.9,1.0,0.0,0.0,0.0,0.0,0.0,0.0,7.33,9.9,12.1,2.3,4.37,6.9,0.0,0.0,0.0,0.0,0.0,0.0,0.0,0.0,0.0,0.0,0.0,0.0,86594.1741189486,22306.34595302023,6150.646401717953
2053-07-01,5.0,9.0,9999.0,7.33,9.9,12.1,2.3,4.37,6.9,1.0,0.0,0.0,0.0,0.0,0.0,0.0,7.33,9.9,12.1,2.3,4.37,6.9,0.0,0.0,0.0,0.0,0.0,0.0,0.0,0.0,0.0,0.0,0.0,0.0,89716.9856303243,24856.250082262635,6947.962361571846
2053-08-01,5.0,9.0,9999.0,7.33,9.9,12.1,2.3,4.37,6.9,1.0,0.0,0.0,0.0,0.0,0.0,0.0,7.33,9.9,12.1,2.3,4.37,6.9,0.0,0.0,0.0,0.0,0.0,0.0,0.0,0.0,0.0,0.0,0.0,0.0,88537.10789111949,23844.88995280662,6623.45241730091
2053-09-01,5.0,9.0,9999.0,7.33,9.9,12.1,2.3,4.37,6.9,1.0,0.0,0.0,0.0,0.0,0.0,0.0,7.33,9.9,12.1,2.3,4.37,6.9,0.0,0.0,0.0,0.0,0.0,0.0,0.0,0.0,0.0,0.0,0.0,0.0,86288.44516513654,22078.546666391492,6082.3880771358035
2053-10-01,5.0,9.0,9999.0,7.33,9.9,12.1,2.3,4.37,6.9,1.0,0.0,0.0,0.0,0.0,0.0,0.0,7.33,9.9,12.1,2.3,4.37,6.9,0.0,0.0,0.0,0.0,0.0,0.0,0.0,0.0,0.0,0.0,0.0,0.0,82637.33456759338,19585.585561474447,5350.674786649591
2053-11-01,5.0,9.0,9999.0,7.33,9.9,12.1,2.3,4.37,6.9,1.0,0.0,0.0,0.0,0.0,0.0,0.0,7.33,9.9,12.1,2.3,4.37,6.9,0.0,0.0,0.0,0.0,0.0,0.0,0.0,0.0,0.0,0.0,0.0,0.0,76913.47993156845,16365.410282124356,4461.842921942646
2053-12-01,5.0,9.0,9999.0,7.33,9.9,12.1,2.3,4.37,6.9,1.0,0.0,0.0,0.0,0.0,0.0,0.0,7.33,9.9,12.1,2.3,4.37,6.9,0.0,0.0,0.0,0.0,0.0,0.0,0.0,0.0,0.0,0.0,0.0,0.0,74049.59569684653,15000.41166845083,4094.698436735847
2054-01-01,5.0,9.0,9999.0,7.33,9.9,12.1,2.3,4.37,6.9,1.0,0.0,0.0,0.0,0.0,0.0,0.0,7.33,9.9,12.1,2.3,4.37,6.9,0.0,0.0,0.0,0.0,0.0,0.0,0.0,0.0,0.0,0.0,0.0,0.0,73151.32253421818,14603.54181737813,3988.4920583308285
2054-02-01,5.0,9.0,9999.0,7.33,9.9,12.1,2.3,4.37,6.9,1.0,0.0,0.0,0.0,0.0,0.0,0.0,7.33,9.9,12.1,2.3,4.37,6.9,0.0,0.0,0.0,0.0,0.0,0.0,0.0,0.0,0.0,0.0,0.0,0.0,71660.79335381046,13972.395712341557,3822.65934191762
2054-03-01,5.0,9.0,9999.0,7.33,9.9,12.1,2.3,4.37,6.9,1.0,0.0,0.0,0.0,0.0,0.0,0.0,7.33,9.9,12.1,2.3,4.37,6.9,0.0,0.0,0.0,0.0,0.0,0.0,0.0,0.0,0.0,0.0,0.0,0.0,75582.79334226671,15710.954021507452,4285.464503939499
2054-04-01,5.0,9.0,9999.0,7.33,9.9,12.1,2.3,4.37,6.9,1.0,0.0,0.0,0.0,0.0,0.0,0.0,7.33,9.9,12.1,2.3,4.37,6.9,0.0,0.0,0.0,0.0,0.0,0.0,0.0,0.0,0.0,0.0,0.0,0.0,78080.0221379296,16962.684675970897,4623.420617972248
2054-05-01,5.0,9.0,9999.0,7.33,9.9,12.1,2.3,4.37,6.9,1.0,0.0,0.0,0.0,0.0,0.0,0.0,7.33,9.9,12.1,2.3,4.37,6.9,0.0,0.0,0.0,0.0,0.0,0.0,0.0,0.0,0.0,0.0,0.0,0.0,81997.06276977806,19186.36597065759,5237.545407678286
2054-06-01,5.0,9.0,9999.0,7.33,9.9,12.1,2.3,4.37,6.9,1.0,0.0,0.0,0.0,0.0,0.0,0.0,7.33,9.9,12.1,2.3,4.37,6.9,0.0,0.0,0.0,0.0,0.0,0.0,0.0,0.0,0.0,0.0,0.0,0.0,86383.69535384917,22149.205659603304,6103.54746801149
2054-07-01,5.0,9.0,9999.0,7.33,9.9,12.1,2.3,4.37,6.9,1.0,0.0,0.0,0.0,0.0,0.0,0.0,7.33,9.9,12.1,2.3,4.37,6.9,0.0,0.0,0.0,0.0,0.0,0.0,0.0,0.0,0.0,0.0,0.0,0.0,85833.54633861933,21745.909511420454,5982.559248747305
2054-08-01,5.0,9.0,9999.0,7.33,9.9,12.1,2.3,4.37,6.9,1.0,0.0,0.0,0.0,0.0,0.0,0.0,7.33,9.9,12.1,2.3,4.37,6.9,0.0,0.0,0.0,0.0,0.0,0.0,0.0,0.0,0.0,0.0,0.0,0.0,86368.62794058425,22138.010782789333,6100.197656019063
2054-09-01,5.0,9.0,9999.0,7.33,9.9,12.1,2.3,4.37,6.9,1.0,0.0,0.0,0.0,0.0,0.0,0.0,7.33,9.9,12.1,2.3,4.37,6.9,0.0,0.0,0.0,0.0,0.0,0.0,0.0,0.0,0.0,0.0,0.0,0.0,87745.71691078413,23199.5777296375,6422.843138557081
2054-10-01,5.0,9.0,9999.0,7.33,9.9,12.1,2.3,4.37,6.9,1.0,0.0,0.0,0.0,0.0,0.0,0.0,7.33,9.9,12.1,2.3,4.37,6.9,0.0,0.0,0.0,0.0,0.0,0.0,0.0,0.0,0.0,0.0,0.0,0.0,80405.59877873583,18240.2370997953,4971.889731729523
2054-11-01,5.0,9.0,9999.0,7.33,9.9,12.1,2.3,4.37,6.9,1.0,0.0,0.0,0.0,0.0,0.0,0.0,7.33,9.9,12.1,2.3,4.37,6.9,0.0,0.0,0.0,0.0,0.0,0.0,0.0,0.0,0.0,0.0,0.0,0.0,78992.97892441649,17450.24994103753,4755.574392373611
2054-12-01,5.0,9.0,9999.0,7.33,9.9,12.1,2.3,4.37,6.9,1.0,0.0,0.0,0.0,0.0,0.0,0.0,7.33,9.9,12.1,2.3,4.37,6.9,0.0,0.0,0.0,0.0,0.0,0.0,0.0,0.0,0.0,0.0,0.0,0.0,73601.96111006867,14800.534933994059,4041.2917390362913
2055-01-01,5.0,9.0,9999.0,7.33,9.9,12.1,2.3,4.37,6.9,1.0,0.0,0.0,0.0,0.0,0.0,0.0,7.33,9.9,12.1,2.3,4.37,6.9,0.0,0.0,0.0,0.0,0.0,0.0,0.0,0.0,0.0,0.0,0.0,0.0,70195.62863226756,13383.508360923195,3669.141378480036
2055-02-01,5.0,9.0,9999.0,7.33,9.9,12.1,2.3,4.37,6.9,1.0,0.0,0.0,0.0,0.0,0.0,0.0,7.33,9.9,12.1,2.3,4.37,6.9,0.0,0.0,0.0,0.0,0.0,0.0,0.0,0.0,0.0,0.0,0.0,0.0,76211.02259019765,16015.900734037285,4367.641899960903
2055-03-01,5.0,9.0,9999.0,7.33,9.9,12.1,2.3,4.37,6.9,1.0,0.0,0.0,0.0,0.0,0.0,0.0,7.33,9.9,12.1,2.3,4.37,6.9,0.0,0.0,0.0,0.0,0.0,0.0,0.0,0.0,0.0,0.0,0.0,0.0,76535.2267130998,16176.370567277347,4410.817731493906
2055-04-01,5.0,9.0,9999.0,7.33,9.9,12.1,2.3,4.37,6.9,1.0,0.0,0.0,0.0,0.0,0.0,0.0,7.33,9.9,12.1,2.3,4.37,6.9,0.0,0.0,0.0,0.0,0.0,0.0,0.0,0.0,0.0,0.0,0.0,0.0,79468.48556381665,17711.02258384734,4826.495912734032
2055-05-01,5.0,9.0,9999.0,7.33,9.9,12.1,2.3,4.37,6.9,1.0,0.0,0.0,0.0,0.0,0.0,0.0,7.33,9.9,12.1,2.3,4.37,6.9,0.0,0.0,0.0,0.0,0.0,0.0,0.0,0.0,0.0,0.0,0.0,0.0,82224.77486348304,19327.339544589482,5277.3201050787675
2055-06-01,5.0,9.0,9999.0,7.33,9.9,12.1,2.3,4.37,6.9,1.0,0.0,0.0,0.0,0.0,0.0,0.0,7.33,9.9,12.1,2.3,4.37,6.9,0.0,0.0,0.0,0.0,0.0,0.0,0.0,0.0,0.0,0.0,0.0,0.0,87116.35244341326,22704.569933158626,6270.990245436775
2055-07-01,5.0,9.0,9999.0,7.33,9.9,12.1,2.3,4.37,6.9,1.0,0.0,0.0,0.0,0.0,0.0,0.0,7.33,9.9,12.1,2.3,4.37,6.9,0.0,0.0,0.0,0.0,0.0,0.0,0.0,0.0,0.0,0.0,0.0,0.0,87888.40726963048,23313.865098649803,6458.080428115884
2055-08-01,5.0,9.0,9999.0,7.33,9.9,12.1,2.3,4.37,6.9,1.0,0.0,0.0,0.0,0.0,0.0,0.0,7.33,9.9,12.1,2.3,4.37,6.9,0.0,0.0,0.0,0.0,0.0,0.0,0.0,0.0,0.0,0.0,0.0,0.0,86428.76527894771,22182.74669177178,6113.584794977374
2055-09-01,5.0,9.0,9999.0,7.33,9.9,12.1,2.3,4.37,6.9,1.0,0.0,0.0,0.0,0.0,0.0,0.0,7.33,9.9,12.1,2.3,4.37,6.9,0.0,0.0,0.0,0.0,0.0,0.0,0.0,0.0,0.0,0.0,0.0,0.0,87084.96762881351,22680.324956963028,6263.600739771338
2055-10-01,5.0,9.0,9999.0,7.33,9.9,12.1,2.3,4.37,6.9,1.0,0.0,0.0,0.0,0.0,0.0,0.0,7.33,9.9,12.1,2.3,4.37,6.9,0.0,0.0,0.0,0.0,0.0,0.0,0.0,0.0,0.0,0.0,0.0,0.0,85044.5062881436,21185.72796390415,5815.560760162166
2055-11-01,5.0,9.0,9999.0,7.33,9.9,12.1,2.3,4.37,6.9,1.0,0.0,0.0,0.0,0.0,0.0,0.0,7.33,9.9,12.1,2.3,4.37,6.9,0.0,0.0,0.0,0.0,0.0,0.0,0.0,0.0,0.0,0.0,0.0,0.0,79496.8699484435,17726.774496026228,4830.772988014126
2055-12-01,5.0,9.0,9999.0,7.33,9.9,12.1,2.3,4.37,6.9,1.0,0.0,0.0,0.0,0.0,0.0,0.0,7.33,9.9,12.1,2.3,4.37,6.9,0.0,0.0,0.0,0.0,0.0,0.0,0.0,0.0,0.0,0.0,0.0,0.0,74581.90969757258,15242.634903810002,4159.753034527008
2056-01-01,5.0,9.0,9999.0,7.33,9.9,12.1,2.3,4.37,6.9,1.0,0.0,0.0,0.0,0.0,0.0,0.0,7.33,9.9,12.1,2.3,4.37,6.9,0.0,0.0,0.0,0.0,0.0,0.0,0.0,0.0,0.0,0.0,0.0,0.0,75677.45947922998,15756.322754622906,4297.699171581698
2056-02-01,5.0,9.0,9999.0,7.33,9.9,12.1,2.3,4.37,6.9,1.0,0.0,0.0,0.0,0.0,0.0,0.0,7.33,9.9,12.1,2.3,4.37,6.9,0.0,0.0,0.0,0.0,0.0,0.0,0.0,0.0,0.0,0.0,0.0,0.0,73490.93235477373,14751.628408435132,4028.1770342380546
2056-03-01,5.0,9.0,9999.0,7.33,9.9,12.1,2.3,4.37,6.9,1.0,0.0,0.0,0.0,0.0,0.0,0.0,7.33,9.9,12.1,2.3,4.37,6.9,0.0,0.0,0.0,0.0,0.0,0.0,0.0,0.0,0.0,0.0,0.0,0.0,76175.14181329022,15998.226632204454,4362.88837999435
2056-04-01,5.0,9.0,9999.0,7.33,9.9,12.1,2.3,4.37,6.9,1.0,0.0,0.0,0.0,0.0,0.0,0.0,7.33,9.9,12.1,2.3,4.37,6.9,0.0,0.0,0.0,0.0,0.0,0.0,0.0,0.0,0.0,0.0,0.0,0.0,81292.74613886228,18759.876613486256,5117.437112460042
2056-05-01,5.0,9.0,9999.0,7.33,9.9,12.1,2.3,4.37,6.9,1.0,0.0,0.0,0.0,0.0,0.0,0.0,7.33,9.9,12.1,2.3,4.37,6.9,0.0,0.0,0.0,0.0,0.0,0.0,0.0,0.0,0.0,0.0,0.0,0.0,83612.6973213039,20214.803780709844,5531.346644554643
2056-06-01,5.0,9.0,9999.0,7.33,9.9,12.1,2.3,4.37,6.9,1.0,0.0,0.0,0.0,0.0,0.0,0.0,7.33,9.9,12.1,2.3,4.37,6.9,0.0,0.0,0.0,0.0,0.0,0.0,0.0,0.0,0.0,0.0,0.0,0.0,85009.96717503038,21161.61598836222,5808.43324794527
2056-07-01,5.0,9.0,9999.0,7.33,9.9,12.1,2.3,4.37,6.9,1.0,0.0,0.0,0.0,0.0,0.0,0.0,7.33,9.9,12.1,2.3,4.37,6.9,0.0,0.0,0.0,0.0,0.0,0.0,0.0,0.0,0.0,0.0,0.0,0.0,90620.35977911376,25679.592096197957,7218.628711936951
2056-08-01,5.0,9.0,9999.0,7.33,9.9,12.1,2.3,4.37,6.9,1.0,0.0,0.0,0.0,0.0,0.0,0.0,7.33,9.9,12.1,2.3,4.37,6.9,0.0,0.0,0.0,0.0,0.0,0.0,0.0,0.0,0.0,0.0,0.0,0.0,90308.29829521425,25390.32536107739,7123.142825536401
2056-09-01,5.0,9.0,9999.0,7.33,9.9,12.1,2.3,4.37,6.9,1.0,0.0,0.0,0.0,0.0,0.0,0.0,7.33,9.9,12.1,2.3,4.37,6.9,0.0,0.0,0.0,0.0,0.0,0.0,0.0,0.0,0.0,0.0,0.0,0.0,90536.2379699626,25601.045475241124,7192.682672346218
2056-10-01,5.0,9.0,9999.0,7.33,9.9,12.1,2.3,4.37,6.9,1.0,0.0,0.0,0.0,0.0,0.0,0.0,7.33,9.9,12.1,2.3,4.37,6.9,0.0,0.0,0.0,0.0,0.0,0.0,0.0,0.0,0.0,0.0,0.0,0.0,86727.41692299217,22407.001112794544,6180.868292567094
2056-11-01,5.0,9.0,9999.0,7.33,9.9,12.1,2.3,4.37,6.9,1.0,0.0,0.0,0.0,0.0,0.0,0.0,7.33,9.9,12.1,2.3,4.37,6.9,0.0,0.0,0.0,0.0,0.0,0.0,0.0,0.0,0.0,0.0,0.0,0.0,77725.26275334155,16778.322790107704,4573.497648328167
2056-12-01,5.0,9.0,9999.0,7.33,9.9,12.1,2.3,4.37,6.9,1.0,0.0,0.0,0.0,0.0,0.0,0.0,7.33,9.9,12.1,2.3,4.37,6.9,0.0,0.0,0.0,0.0,0.0,0.0,0.0,0.0,0.0,0.0,0.0,0.0,72830.14168594147,14465.117449215728,3951.5625017621064
2057-01-01,5.0,9.0,9999.0,7.33,9.9,12.1,2.3,4.37,6.9,1.0,0.0,0.0,0.0,0.0,0.0,0.0,7.33,9.9,12.1,2.3,4.37,6.9,0.0,0.0,0.0,0.0,0.0,0.0,0.0,0.0,0.0,0.0,0.0,0.0,74567.79030032488,15236.165119478897,4158.014528043604
2057-02-01,5.0,9.0,9999.0,7.33,9.9,12.1,2.3,4.37,6.9,1.0,0.0,0.0,0.0,0.0,0.0,0.0,7.33,9.9,12.1,2.3,4.37,6.9,0.0,0.0,0.0,0.0,0.0,0.0,0.0,0.0,0.0,0.0,0.0,0.0,78722.05871616305,17303.70591398972,4715.791247587156
2057-03-01,5.0,9.0,9999.0,7.33,9.9,12.1,2.3,4.37,6.9,1.0,0.0,0.0,0.0,0.0,0.0,0.0,7.33,9.9,12.1,2.3,4.37,6.9,0.0,0.0,0.0,0.0,0.0,0.0,0.0,0.0,0.0,0.0,0.0,0.0,80633.92077290699,18372.443187938803,5008.793371640879
2057-04-01,5.0,9.0,9999.0,7.33,9.9,12.1,2.3,4.37,6.9,1.0,0.0,0.0,0.0,0.0,0.0,0.0,7.33,9.9,12.1,2.3,4.37,6.9,0.0,0.0,0.0,0.0,0.0,0.0,0.0,0.0,0.0,0.0,0.0,0.0,81458.79058553973,18859.12049768754,5145.404924605236
2057-05-01,5.0,9.0,9999.0,7.33,9.9,12.1,2.3,4.37,6.9,1.0,0.0,0.0,0.0,0.0,0.0,0.0,7.33,9.9,12.1,2.3,4.37,6.9,0.0,0.0,0.0,0.0,0.0,0.0,0.0,0.0,0.0,0.0,0.0,0.0,83883.69862724592,20393.95227508967,5583.327673814591
2057-06-01,5.0,9.0,9999.0,7.33,9.9,12.1,2.3,4.37,6.9,1.0,0.0,0.0,0.0,0.0,0.0,0.0,7.33,9.9,12.1,2.3,4.37,6.9,0.0,0.0,0.0,0.0,0.0,0.0,0.0,0.0,0.0,0.0,0.0,0.0,86945.2222144604,22572.84948010259,6230.92995558876
2057-07-01,5.0,9.0,9999.0,7.33,9.9,12.1,2.3,4.37,6.9,1.0,0.0,0.0,0.0,0.0,0.0,0.0,7.33,9.9,12.1,2.3,4.37,6.9,0.0,0.0,0.0,0.0,0.0,0.0,0.0,0.0,0.0,0.0,0.0,0.0,90998.36243790372,26036.720255315206,7336.885381123239
2057-08-01,5.0,9.0,9999.0,7.33,9.9,12.1,2.3,4.37,6.9,1.0,0.0,0.0,0.0,0.0,0.0,0.0,7.33,9.9,12.1,2.3,4.37,6.9,0.0,0.0,0.0,0.0,0.0,0.0,0.0,0.0,0.0,0.0,0.0,0.0,89485.97122816072,24652.78162026077,6881.922063910646
2057-09-01,5.0,9.0,9999.0,7.33,9.9,12.1,2.3,4.37,6.9,1.0,0.0,0.0,0.0,0.0,0.0,0.0,7.33,9.9,12.1,2.3,4.37,6.9,0.0,0.0,0.0,0.0,0.0,0.0,0.0,0.0,0.0,0.0,0.0,0.0,87925.39089405474,23343.6818503004,6467.268247504506
2057-10-01,5.0,9.0,9999.0,7.33,9.9,12.1,2.3,4.37,6.9,1.0,0.0,0.0,0.0,0.0,0.0,0.0,7.33,9.9,12.1,2.3,4.37,6.9,0.0,0.0,0.0,0.0,0.0,0.0,0.0,0.0,0.0,0.0,0.0,0.0,86162.90063782397,21985.89718820006,6054.623599710673
2057-11-01,5.0,9.0,9999.0,7.33,9.9,12.1,2.3,4.37,6.9,1.0,0.0,0.0,0.0,0.0,0.0,0.0,7.33,9.9,12.1,2.3,4.37,6.9,0.0,0.0,0.0,0.0,0.0,0.0,0.0,0.0,0.0,0.0,0.0,0.0,81718.6357468717,19016.208573368243,5189.569832065148
2057-12-01,5.0,9.0,9999.0,7.33,9.9,12.1,2.3,4.37,6.9,1.0,0.0,0.0,0.0,0.0,0.0,0.0,7.33,9.9,12.1,2.3,4.37,6.9,0.0,0.0,0.0,0.0,0.0,0.0,0.0,0.0,0.0,0.0,0.0,0.0,74528.95292145475,15218.388889704827,4153.233380293093
2058-01-01,5.0,9.0,9999.0,7.33,9.9,12.1,2.3,4.37,6.9,1.0,0.0,0.0,0.0,0.0,0.0,0.0,7.33,9.9,12.1,2.3,4.37,6.9,0.0,0.0,0.0,0.0,0.0,0.0,0.0,0.0,0.0,0.0,0.0,0.0,74645.7907361566,15271.969166393943,4167.623806910458
2058-02-01,5.0,9.0,9999.0,7.33,9.9,12.1,2.3,4.37,6.9,1.0,0.0,0.0,0.0,0.0,0.0,0.0,7.33,9.9,12.1,2.3,4.37,6.9,0.0,0.0,0.0,0.0,0.0,0.0,0.0,0.0,0.0,0.0,0.0,0.0,78692.71139111165,17287.915043030425,4711.506923645817
2058-03-01,5.0,9.0,9999.0,7.33,9.9,12.1,2.3,4.37,6.9,1.0,0.0,0.0,0.0,0.0,0.0,0.0,7.33,9.9,12.1,2.3,4.37,6.9,0.0,0.0,0.0,0.0,0.0,0.0,0.0,0.0,0.0,0.0,0.0,0.0,75608.75858466944,15723.376835295316,4288.816652983296
2058-04-01,5.0,9.0,9999.0,7.33,9.9,12.1,2.3,4.37,6.9,1.0,0.0,0.0,0.0,0.0,0.0,0.0,7.33,9.9,12.1,2.3,4.37,6.9,0.0,0.0,0.0,0.0,0.0,0.0,0.0,0.0,0.0,0.0,0.0,0.0,81482.06154474533,18873.104866379046,5149.34426165816
2058-05-01,5.0,9.0,9999.0,7.33,9.9,12.1,2.3,4.37,6.9,1.0,0.0,0.0,0.0,0.0,0.0,0.0,7.33,9.9,12.1,2.3,4.37,6.9,0.0,0.0,0.0,0.0,0.0,0.0,0.0,0.0,0.0,0.0,0.0,0.0,81155.84096482904,18678.56251516837,5094.550776719531
2058-06-01,5.0,9.0,9999.0,7.33,9.9,12.1,2.3,4.37,6.9,1.0,0.0,0.0,0.0,0.0,0.0,0.0,7.33,9.9,12.1,2.3,4.37,6.9,0.0,0.0,0.0,0.0,0.0,0.0,0.0,0.0,0.0,0.0,0.0,0.0,87925.44166719978,23343.722814601868,6467.280882306183
2058-07-01,5.0,9.0,9999.0,7.33,9.9,12.1,2.3,4.37,6.9,1.0,0.0,0.0,0.0,0.0,0.0,0.0,7.33,9.9,12.1,2.3,4.37,6.9,0.0,0.0,0.0,0.0,0.0,0.0,0.0,0.0,0.0,0.0,0.0,0.0,90125.7871541109,25223.6500205637,7068.165088003814
2058-08-01,5.0,9.0,9999.0,7.33,9.9,12.1,2.3,4.37,6.9,1.0,0.0,0.0,0.0,0.0,0.0,0.0,7.33,9.9,12.1,2.3,4.37,6.9,0.0,0.0,0.0,0.0,0.0,0.0,0.0,0.0,0.0,0.0,0.0,0.0,90453.62652257511,25524.372214492167,7167.373027090202
2058-09-01,5.0,9.0,9999.0,7.33,9.9,12.1,2.3,4.37,6.9,1.0,0.0,0.0,0.0,0.0,0.0,0.0,7.33,9.9,12.1,2.3,4.37,6.9,0.0,0.0,0.0,0.0,0.0,0.0,0.0,0.0,0.0,0.0,0.0,0.0,87421.5666706548,22942.655456071174,6343.777609974652
2058-10-01,5.0,9.0,9999.0,7.33,9.9,12.1,2.3,4.37,6.9,1.0,0.0,0.0,0.0,0.0,0.0,0.0,7.33,9.9,12.1,2.3,4.37,6.9,0.0,0.0,0.0,0.0,0.0,0.0,0.0,0.0,0.0,0.0,0.0,0.0,82561.13503517857,19537.58604336031,5336.987049710014
2058-11-01,5.0,9.0,9999.0,7.33,9.9,12.1,2.3,4.37,6.9,1.0,293280.32759606716,101442.774,394723.1015960672,0.0,0.0,0.0,7.33,9.9,12.1,6.059732286266502,11.513491343906356,18.179196858799507,0.0,0.0,0.0,3.759732286266503,7.143491343906355,11.279196858799509,0.0,0.0,0.0,0.0,0.0,0.0,73064.89294816056,14159.839183327455,3791.3725147674827
2058-12-01,5.0,9.0,9999.0,7.33,9.9,12.1,2.3,4.37,6.9,1.0,293280.32759606716,101442.774,394723.1015960672,0.0,0.0,0.0,7.33,9.9,12.1,6.059732286266502,11.513491343906356,18.179196858799507,0.0,0.0,0.0,3.759732286266503,7.143491343906355,11.279196858799509,0.0,0.0,0.0,0.0,0.0,0.0,71408.58150122773,13491.2380246401,3623.300460189917
2059-01-01,5.0,9.0,9999.0,7.33,9.9,12.1,2.3,4.37,6.9,1.0,293280.32759606716,101442.774,394723.1015960672,0.0,0.0,0.0,7.33,9.9,12.1,6.059732286266502,11.513491343906356,18.179196858799507,0.0,0.0,0.0,3.759732286266503,7.143491343906355,11.279196858799509,0.0,0.0,0.0,0.0,0.0,0.0,72087.30241599641,13760.41411457678,3690.841605426341
2059-02-01,5.0,9.0,9999.0,7.33,9.9,12.1,2.3,4.37,6.9,1.0,293280.32759606716,101442.774,394723.1015960672,0.0,0.0,0.0,7.33,9.9,12.1,6.059732286266502,11.513491343906356,18.179196858799507,0.0,0.0,0.0,3.759732286266503,7.143491343906355,11.279196858799509,0.0,0.0,0.0,0.0,0.0,0.0,71080.71005867311,13363.631883378277,3591.405792952266
2059-03-01,5.0,9.0,9999.0,7.33,9.9,12.1,2.3,4.37,6.9,1.0,293280.32759606716,101442.774,394723.1015960672,0.0,0.0,0.0,7.33,9.9,12.1,6.059732286266502,11.513491343906356,18.179196858799507,0.0,0.0,0.0,3.759732286266503,7.143491343906355,11.279196858799509,0.0,0.0,0.0,0.0,0.0,0.0,72940.95496737454,14108.432818689953,3778.4065269625726
2059-04-01,5.0,9.0,9999.0,7.33,9.9,12.1,2.3,4.37,6.9,1.0,293280.32759606716,101442.774,394723.1015960672,0.0,0.0,0.0,7.33,9.9,12.1,6.059732286266502,11.513491343906356,18.179196858799507,0.0,0.0,0.0,3.759732286266503,7.143491343906355,11.279196858799509,0.0,0.0,0.0,0.0,0.0,0.0,75463.14215424746,15199.571183322512,4056.30831406886
2059-05-01,5.0,9.0,9999.0,7.33,9.9,12.1,2.3,4.37,6.9,1.0,293280.32759606716,101442.774,394723.1015960672,0.0,0.0,0.0,7.33,9.9,12.1,6.059732286266502,11.513491343906356,18.179196858799507,0.0,0.0,0.0,3.759732286266503,7.143491343906355,11.279196858799509,0.0,0.0,0.0,0.0,0.0,0.0,81382.93692129469,18222.95580719655,4844.542343869827
2059-06-01,5.0,9.0,9999.0,7.33,9.9,12.1,2.3,4.37,6.9,1.0,293280.32759606716,101442.774,394723.1015960672,0.0,0.0,0.0,7.33,9.9,12.1,6.059732286266502,11.513491343906356,18.179196858799507,0.0,0.0,0.0,3.759732286266503,7.143491343906355,11.279196858799509,0.0,0.0,0.0,0.0,0.0,0.0,85195.609671681,20602.996021370105,5492.952342407917
2059-07-01,5.0,9.0,9999.0,7.33,9.9,12.1,2.3,4.37,6.9,1.0,293280.32759606716,101442.774,394723.1015960672,0.0,0.0,0.0,7.33,9.9,12.1,6.059732286266502,11.513491343906356,18.179196858799507,0.0,0.0,0.0,3.759732286266503,7.143491343906355,11.279196858799509,0.0,0.0,0.0,0.0,0.0,0.0,86599.85875928921,21584.200114229978,5770.826073336777
2059-08-01,5.0,9.0,9999.0,7.33,9.9,12.1,2.3,4.37,6.9,1.0,293280.32759606716,101442.774,394723.1015960672,0.0,0.0,0.0,7.33,9.9,12.1,6.059732286266502,11.513491343906356,18.179196858799507,0.0,0.0,0.0,3.759732286266503,7.143491343906355,11.279196858799509,0.0,0.0,0.0,0.0,0.0,0.0,86312.56192736329,21378.58672863207,5711.892931848049
2059-09-01,5.0,9.0,9999.0,7.33,9.9,12.1,2.3,4.37,6.9,1.0,293280.32759606716,101442.774,394723.1015960672,0.0,0.0,0.0,7.33,9.9,12.1,6.059732286266502,11.513491343906356,18.179196858799507,0.0,0.0,0.0,3.759732286266503,7.143491343906355,11.279196858799509,0.0,0.0,0.0,0.0,0.0,0.0,84905.00927875799,20407.668621229976,5438.266492224847
2059-10-01,5.0,9.0,9999.0,7.33,9.9,12.1,2.3,4.37,6.9,1.0,293280.32759606716,101442.774,394723.1015960672,0.0,0.0,0.0,7.33,9.9,12.1,6.059732286266502,11.513491343906356,18.179196858799507,0.0,0.0,0.0,3.759732286266503,7.143491343906355,11.279196858799509,0.0,0.0,0.0,0.0,0.0,0.0,80570.30214889982,17764.82597427444,4724.282895836795
2059-11-01,5.0,9.0,9999.0,7.33,9.9,12.1,2.3,4.37,6.9,1.0,493034.25150992395,239628.6,732662.8515099239,0.0,0.0,0.0,7.33,9.9,12.1,9.819766177129345,18.657555736545753,29.459298531388036,0.0,0.0,0.0,3.759732286266503,7.143491343906355,11.279196858799509,0.0,0.0,0.0,7.519766177129345,14.287555736545754,22.559298531388034,71667.06626508615,13389.819722972023,3563.009567782406
2059-12-01,5.0,9.0,9999.0,7.33,9.9,12.1,2.3,4.37,6.9,1.0,493034.25150992395,239628.6,732662.8515099239,0.0,0.0,0.0,7.33,9.9,12.1,9.819766177129345,18.657555736545753,29.459298531388036,0.0,0.0,0.0,3.759732286266503,7.143491343906355,11.279196858799509,0.0,0.0,0.0,7.519766177129345,14.287555736545754,22.559298531388034,68341.03681686151,12169.610644676735,3271.016710797312
2060-01-01,5.0,9.0,9999.0,7.33,9.9,12.1,2.3,4.37,6.9,1.0,493034.25150992395,239628.6,732662.8515099239,0.0,0.0,0.0,7.33,9.9,12.1,9.819766177129345,18.657555736545753,29.459298531388036,0.0,0.0,0.0,3.759732286266503,7.143491343906355,11.279196858799509,0.0,0.0,0.0,7.519766177129345,14.287555736545754,22.559298531388034,66335.95669897462,11491.306224177488,3109.0861348715052
2060-02-01,5.0,9.0,9999.0,7.33,9.9,12.1,2.3,4.37,6.9,1.0,493034.25150992395,239628.6,732662.8515099239,0.0,0.0,0.0,7.33,9.9,12.1,9.819766177129345,18.657555736545753,29.459298531388036,0.0,0.0,0.0,3.759732286266503,7.143491343906355,11.279196858799509,0.0,0.0,0.0,7.519766177129345,14.287555736545754,22.559298531388034,67333.30041013173,11823.550285476482,3188.626982500293
2060-03-01,5.0,9.0,9999.0,7.33,9.9,12.1,2.3,4.37,6.9,1.0,493034.25150992395,239628.6,732662.8515099239,0.0,0.0,0.0,7.33,9.9,12.1,9.819766177129345,18.657555736545753,29.459298531388036,0.0,0.0,0.0,3.759732286266503,7.143491343906355,11.279196858799509,0.0,0.0,0.0,7.519766177129345,14.287555736545754,22.559298531388034,70876.17613216495,13087.682932389142,3489.0361049627813
2060-04-01,5.0,9.0,9999.0,7.33,9.9,12.1,2.3,4.37,6.9,1.0,493034.25150992395,239628.6,732662.8515099239,0.0,0.0,0.0,7.33,9.9,12.1,9.819766177129345,18.657555736545753,29.459298531388036,0.0,0.0,0.0,3.759732286266503,7.143491343906355,11.279196858799509,0.0,0.0,0.0,7.519766177129345,14.287555736545754,22.559298531388034,74726.88967998905,14636.411060685212,3871.408548514999
2060-05-01,5.0,9.0,9999.0,7.33,9.9,12.1,2.3,4.37,6.9,1.0,493034.25150992395,239628.6,732662.8515099239,0.0,0.0,0.0,7.33,9.9,12.1,9.819766177129345,18.657555736545753,29.459298531388036,0.0,0.0,0.0,3.759732286266503,7.143491343906355,11.279196858799509,0.0,0.0,0.0,7.519766177129345,14.287555736545754,22.559298531388034,75301.53708029025,14885.993667749935,3933.519919115729
2060-06-01,5.0,9.0,9999.0,7.33,9.9,12.1,2.3,4.37,6.9,1.0,493034.25150992395,239628.6,732662.8515099239,0.0,0.0,0.0,7.33,9.9,12.1,9.819766177129345,18.657555736545753,29.459298531388036,0.0,0.0,0.0,3.759732286266503,7.143491343906355,11.279196858799509,0.0,0.0,0.0,7.519766177129345,14.287555736545754,22.559298531388034,81123.71506331913,17764.288661146264,4668.179590604752
2060-07-01,5.0,9.0,9999.0,7.33,9.9,12.1,2.3,4.37,6.9,1.0,493034.25150992395,239628.6,732662.8515099239,0.0,0.0,0.0,7.33,9.9,12.1,9.819766177129345,18.657555736545753,29.459298531388036,0.0,0.0,0.0,3.759732286266503,7.143491343906355,11.279196858799509,0.0,0.0,0.0,7.519766177129345,14.287555736545754,22.559298531388034,84179.73640500744,19576.46724142589,5143.331987665967
2060-08-01,5.0,9.0,9999.0,7.33,9.9,12.1,2.3,4.37,6.9,1.0,493034.25150992395,239628.6,732662.8515099239,0.0,0.0,0.0,7.33,9.9,12.1,9.819766177129345,18.657555736545753,29.459298531388036,0.0,0.0,0.0,3.759732286266503,7.143491343906355,11.279196858799509,0.0,0.0,0.0,7.519766177129345,14.287555736545754,22.559298531388034,83467.23729113399,19132.22280115039,5024.542891489594
2060-09-01,5.0,9.0,9999.0,7.33,9.9,12.1,2.3,4.37,6.9,1.0,493034.25150992395,239628.6,732662.8515099239,0.0,0.0,0.0,7.33,9.9,12.1,9.819766177129345,18.657555736545753,29.459298531388036,0.0,0.0,0.0,3.759732286266503,7.143491343906355,11.279196858799509,0.0,0.0,0.0,7.519766177129345,14.287555736545754,22.559298531388034,80958.31794509405,17673.01798964054,4644.735544873119
2060-10-01,5.0,9.0,9999.0,7.33,9.9,12.1,2.3,4.37,6.9,1.0,493034.25150992395,239628.6,732662.8515099239,0.0,0.0,0.0,7.33,9.9,12.1,9.819766177129345,18.657555736545753,29.459298531388036,0.0,0.0,0.0,3.759732286266503,7.143491343906355,11.279196858799509,0.0,0.0,0.0,7.519766177129345,14.287555736545754,22.559298531388034,79725.668836049,17012.57255908376,4475.431557934316
2060-11-01,5.0,9.0,9999.0,7.33,9.9,12.1,2.3,4.37,6.9,1.0,493034.25150992395,239628.6,732662.8515099239,0.0,0.0,0.0,7.33,9.9,12.1,9.819766177129345,18.657555736545753,29.459298531388036,0.0,0.0,0.0,3.759732286266503,7.143491343906355,11.279196858799509,0.0,0.0,0.0,7.519766177129345,14.287555736545754,22.559298531388034,72219.79347985915,13605.417986423117,3616.0055695721894
2060-12-01,5.0,9.0,9999.0,7.33,9.9,12.1,2.3,4.37,6.9,1.0,493034.25150992395,239628.6,732662.8515099239,0.0,0.0,0.0,7.33,9.9,12.1,9.819766177129345,18.657555736545753,29.459298531388036,0.0,0.0,0.0,3.759732286266503,7.143491343906355,11.279196858799509,0.0,0.0,0.0,7.519766177129345,14.287555736545754,22.559298531388034,67520.81194441713,11887.089964412276,3203.7602595765634
2061-01-01,5.0,9.0,9999.0,7.33,9.9,12.1,2.3,4.37,6.9,1.0,493034.25150992395,239628.6,732662.8515099239,0.0,0.0,0.0,7.33,9.9,12.1,9.819766177129345,18.657555736545753,29.459298531388036,0.0,0.0,0.0,3.759732286266503,7.143491343906355,11.279196858799509,0.0,0.0,0.0,7.519766177129345,14.287555736545754,22.559298531388034,68537.9938406948,12238.40226760615,3287.3284615925863
2061-02-01,5.0,9.0,9999.0,7.33,9.9,12.1,2.3,4.37,6.9,1.0,493034.25150992395,239628.6,732662.8515099239,0.0,0.0,0.0,7.33,9.9,12.1,9.819766177129345,18.657555736545753,29.459298531388036,0.0,0.0,0.0,3.759732286266503,7.143491343906355,11.279196858799509,0.0,0.0,0.0,7.519766177129345,14.287555736545754,22.559298531388034,69761.64928498724,12674.879046953873,3390.7016068029116
2061-03-01,5.0,9.0,9999.0,7.33,9.9,12.1,2.3,4.37,6.9,1.0,493034.25150992395,239628.6,732662.8515099239,0.0,0.0,0.0,7.33,9.9,12.1,9.819766177129345,18.657555736545753,29.459298531388036,0.0,0.0,0.0,3.759732286266503,7.143491343906355,11.279196858799509,0.0,0.0,0.0,7.519766177129345,14.287555736545754,22.559298531388034,72643.37503364062,13773.245280968007,3657.335784379649
2061-04-01,5.0,9.0,9999.0,7.33,9.9,12.1,2.3,4.37,6.9,1.0,493034.25150992395,239628.6,732662.8515099239,0.0,0.0,0.0,7.33,9.9,12.1,9.819766177129345,18.657555736545753,29.459298531388036,0.0,0.0,0.0,3.759732286266503,7.143491343906355,11.279196858799509,0.0,0.0,0.0,7.519766177129345,14.287555736545754,22.559298531388034,75394.71524622956,14927.209874468013,3943.7971565094267
2061-05-01,5.0,9.0,9999.0,7.33,9.9,12.1,2.3,4.37,6.9,1.0,493034.25150992395,239628.6,732662.8515099239,0.0,0.0,0.0,7.33,9.9,12.1,9.819766177129345,18.657555736545753,29.459298531388036,0.0,0.0,0.0,3.759732286266503,7.143491343906355,11.279196858799509,0.0,0.0,0.0,7.519766177129345,14.287555736545754,22.559298531388034,79157.58352255175,16719.85870660751,4400.059198121875
2061-06-01,5.0,9.0,9999.0,7.33,9.9,12.1,2.3,4.37,6.9,1.0,493034.25150992395,239628.6,732662.8515099239,0.0,0.0,0.0,7.33,9.9,12.1,9.819766177129345,18.657555736545753,29.459298531388036,0.0,0.0,0.0,3.759732286266503,7.143491343906355,11.279196858799509,0.0,0.0,0.0,7.519766177129345,14.287555736545754,22.559298531388034,82083.02072637875,18307.77296842643,4808.2654683709125
2061-07-01,5.0,9.0,9999.0,7.33,9.9,12.1,2.3,4.37,6.9,1.0,493034.25150992395,239628.6,732662.8515099239,0.0,0.0,0.0,7.33,9.9,12.1,9.819766177129345,18.657555736545753,29.459298531388036,0.0,0.0,0.0,3.759732286266503,7.143491343906355,11.279196858799509,0.0,0.0,0.0,7.519766177129345,14.287555736545754,22.559298531388034,82014.98898546577,18268.363270929705,4798.106125608578
2061-08-01,5.0,9.0,9999.0,7.33,9.9,12.1,2.3,4.37,6.9,1.0,493034.25150992395,239628.6,732662.8515099239,0.0,0.0,0.0,7.33,9.9,12.1,9.819766177129345,18.657555736545753,29.459298531388036,0.0,0.0,0.0,3.759732286266503,7.143491343906355,11.279196858799509,0.0,0.0,0.0,7.519766177129345,14.287555736545754,22.559298531388034,82387.77819464623,18485.757960334377,4854.155467393331
2061-09-01,5.0,9.0,9999.0,7.33,9.9,12.1,2.3,4.37,6.9,1.0,493034.25150992395,239628.6,732662.8515099239,0.0,0.0,0.0,7.33,9.9,12.1,9.819766177129345,18.657555736545753,29.459298531388036,0.0,0.0,0.0,3.759732286266503,7.143491343906355,11.279196858799509,0.0,0.0,0.0,7.519766177129345,14.287555736545754,22.559298531388034,84074.8548294527,19510.21489523749,5125.5606466040335
2061-10-01,5.0,9.0,9999.0,7.33,9.9,12.1,2.3,4.37,6.9,1.0,493034.25150992395,239628.6,732662.8515099239,0.0,0.0,0.0,7.33,9.9,12.1,9.819766177129345,18.657555736545753,29.459298531388036,0.0,0.0,0.0,3.759732286266503,7.143491343906355,11.279196858799509,0.0,0.0,0.0,7.519766177129345,14.287555736545754,22.559298531388034,75578.21282032615,15008.831141801416,3964.2132249030637
2061-11-01,5.0,9.0,9999.0,7.33,9.9,12.1,2.3,4.37,6.9,1.0,493034.25150992395,239628.6,732662.8515099239,0.0,0.0,0.0,7.33,9.9,12.1,9.819766177129345,18.657555736545753,29.459298531388036,0.0,0.0,0.0,3.759732286266503,7.143491343906355,11.279196858799509,0.0,0.0,0.0,7.519766177129345,14.287555736545754,22.559298531388034,71586.92891128807,13358.860266062931,3555.404683146064
2061-12-01,5.0,9.0,9999.0,7.33,9.9,12.1,2.3,4.37,6.9,1.0,493034.25150992395,239628.6,732662.8515099239,0.0,0.0,0.0,7.33,9.9,12.1,9.819766177129345,18.657555736545753,29.459298531388036,0.0,0.0,0.0,3.759732286266503,7.143491343906355,11.279196858799509,0.0,0.0,0.0,7.519766177129345,14.287555736545754,22.559298531388034,68007.38555899722,12053.801615083588,3243.5060165295044
2062-01-01,5.0,9.0,9999.0,7.33,9.9,12.1,2.3,4.37,6.9,1.0,493034.25150992395,239628.6,732662.8515099239,0.0,0.0,0.0,7.33,9.9,12.1,9.819766177129345,18.657555736545753,29.459298531388036,0.0,0.0,0.0,3.759732286266503,7.143491343906355,11.279196858799509,0.0,0.0,0.0,7.519766177129345,14.287555736545754,22.559298531388034,66059.29250921837,11400.278763707276,3087.4491480712363
2062-02-01,5.0,9.0,9999.0,7.33,9.9,12.1,2.3,4.37,6.9,1.0,493034.25150992395,239628.6,732662.8515099239,0.0,0.0,0.0,7.33,9.9,12.1,9.819766177129345,18.657555736545753,29.459298531388036,0.0,0.0,0.0,3.759732286266503,7.143491343906355,11.279196858799509,0.0,0.0,0.0,7.519766177129345,14.287555736545754,22.559298531388034,70993.62146424048,13132.081216410988,3499.8140985088
2062-03-01,5.0,9.0,9999.0,7.33,9.9,12.1,2.3,4.37,6.9,1.0,493034.25150992395,239628.6,732662.8515099239,0.0,0.0,0.0,7.33,9.9,12.1,9.819766177129345,18.657555736545753,29.459298531388036,0.0,0.0,0.0,3.759732286266503,7.143491343906355,11.279196858799509,0.0,0.0,0.0,7.519766177129345,14.287555736545754,22.559298531388034,67604.34892573502,11915.521716110763,3210.5255812824635
2062-04-01,5.0,9.0,9999.0,7.33,9.9,12.1,2.3,4.37,6.9,1.0,493034.25150992395,239628.6,732662.8515099239,0.0,0.0,0.0,7.33,9.9,12.1,9.819766177129345,18.657555736545753,29.459298531388036,0.0,0.0,0.0,3.759732286266503,7.143491343906355,11.279196858799509,0.0,0.0,0.0,7.519766177129345,14.287555736545754,22.559298531388034,73914.22045178492,14292.933810851027,3785.890992055194
2062-05-01,5.0,9.0,9999.0,7.33,9.9,12.1,2.3,4.37,6.9,1.0,493034.25150992395,239628.6,732662.8515099239,0.0,0.0,0.0,7.33,9.9,12.1,9.819766177129345,18.657555736545753,29.459298531388036,0.0,0.0,0.0,3.759732286266503,7.143491343906355,11.279196858799509,0.0,0.0,0.0,7.519766177129345,14.287555736545754,22.559298531388034,75704.04830712985,15065.0896402149,3978.4029192349144
2062-06-01,5.0,9.0,9999.0,7.33,9.9,12.1,2.3,4.37,6.9,1.0,493034.25150992395,239628.6,732662.8515099239,0.0,0.0,0.0,7.33,9.9,12.1,9.819766177129345,18.657555736545753,29.459298531388036,0.0,0.0,0.0,3.759732286266503,7.143491343906355,11.279196858799509,0.0,0.0,0.0,7.519766177129345,14.287555736545754,22.559298531388034,78197.50279810051,16238.857046000947,4276.354294564269
2062-07-01,5.0,9.0,9999.0,7.33,9.9,12.1,2.3,4.37,6.9,1.0,493034.25150992395,239628.6,732662.8515099239,0.0,0.0,0.0,7.33,9.9,12.1,9.819766177129345,18.657555736545753,29.459298531388036,0.0,0.0,0.0,3.759732286266503,7.143491343906355,11.279196858799509,0.0,0.0,0.0,7.519766177129345,14.287555736545754,22.559298531388034,82519.19472843308,18562.995445353106,4874.237110968959
2062-08-01,5.0,9.0,9999.0,7.33,9.9,12.1,2.3,4.37,6.9,1.0,493034.25150992395,239628.6,732662.8515099239,0.0,0.0,0.0,7.33,9.9,12.1,9.819766177129345,18.657555736545753,29.459298531388036,0.0,0.0,0.0,3.759732286266503,7.143491343906355,11.279196858799509,0.0,0.0,0.0,7.519766177129345,14.287555736545754,22.559298531388034,79314.40401661182,16799.9107226903,4420.676189375872
2062-09-01,5.0,9.0,9999.0,7.33,9.9,12.1,2.3,4.37,6.9,1.0,493034.25150992395,239628.6,732662.8515099239,0.0,0.0,0.0,7.33,9.9,12.1,9.819766177129345,18.657555736545753,29.459298531388036,0.0,0.0,0.0,3.759732286266503,7.143491343906355,11.279196858799509,0.0,0.0,0.0,7.519766177129345,14.287555736545754,22.559298531388034,79057.49511466942,16668.955018484452,4386.9667051111155
2062-10-01,5.0,9.0,9999.0,7.33,9.9,12.1,2.3,4.37,6.9,1.0,493034.25150992395,239628.6,732662.8515099239,0.0,0.0,0.0,7.33,9.9,12.1,9.819766177129345,18.657555736545753,29.459298531388036,0.0,0.0,0.0,3.759732286266503,7.143491343906355,11.279196858799509,0.0,0.0,0.0,7.519766177129345,14.287555736545754,22.559298531388034,76815.75659629611,15573.998775570533,4107.441163457711
2062-11-01,5.0,9.0,9999.0,7.33,9.9,12.1,2.3,4.37,6.9,1.0,493034.25150992395,239628.6,732662.8515099239,0.0,0.0,0.0,7.33,9.9,12.1,9.819766177129345,18.657555736545753,29.459298531388036,0.0,0.0,0.0,3.759732286266503,7.143491343906355,11.279196858799509,0.0,0.0,0.0,7.519766177129345,14.287555736545754,22.559298531388034,71519.58269233139,13332.878085080858,3549.0211893787696
2062-12-01,5.0,9.0,9999.0,7.33,9.9,12.1,2.3,4.37,6.9,1.0,493034.25150992395,239628.6,732662.8515099239,0.0,0.0,0.0,7.33,9.9,12.1,9.819766177129345,18.657555736545753,29.459298531388036,0.0,0.0,0.0,3.759732286266503,7.143491343906355,11.279196858799509,0.0,0.0,0.0,7.519766177129345,14.287555736545754,22.559298531388034,70732.59234985402,13033.582234644919,3475.9891951324803
2063-01-01,5.0,9.0,9999.0,7.33,9.9,12.1,2.3,4.37,6.9,1.0,493034.25150992395,239628.6,732662.8515099239,0.0,0.0,0.0,7.33,9.9,12.1,9.819766177129345,18.657555736545753,29.459298531388036,0.0,0.0,0.0,3.759732286266503,7.143491343906355,11.279196858799509,0.0,0.0,0.0,7.519766177129345,14.287555736545754,22.559298531388034,66929.96333936986,11688.050471460972,3156.2433630490655
2063-02-01,5.0,9.0,9999.0,7.33,9.9,12.1,2.3,4.37,6.9,1.0,493034.25150992395,239628.6,732662.8515099239,0.0,0.0,0.0,7.33,9.9,12.1,9.819766177129345,18.657555736545753,29.459298531388036,0.0,0.0,0.0,3.759732286266503,7.143491343906355,11.279196858799509,0.0,0.0,0.0,7.519766177129345,14.287555736545754,22.559298531388034,70926.45220468215,13106.673762657645,3493.6380376940015
2063-03-01,5.0,9.0,9999.0,7.33,9.9,12.1,2.3,4.37,6.9,1.0,493034.25150992395,239628.6,732662.8515099239,0.0,0.0,0.0,7.33,9.9,12.1,9.819766177129345,18.657555736545753,29.459298531388036,0.0,0.0,0.0,3.759732286266503,7.143491343906355,11.279196858799509,0.0,0.0,0.0,7.519766177129345,14.287555736545754,22.559298531388034,71451.89735337827,13306.831670340009,3542.621359531744
2063-04-01,5.0,9.0,9999.0,7.33,9.9,12.1,2.3,4.37,6.9,1.0,493034.25150992395,239628.6,732662.8515099239,0.0,0.0,0.0,7.33,9.9,12.1,9.819766177129345,18.657555736545753,29.459298531388036,0.0,0.0,0.0,3.759732286266503,7.143491343906355,11.279196858799509,0.0,0.0,0.0,7.519766177129345,14.287555736545754,22.559298531388034,71909.58295816097,13483.912416519319,3586.132851908257
2063-05-01,5.0,9.0,9999.0,7.33,9.9,12.1,2.3,4.37,6.9,1.0,493034.25150992395,239628.6,732662.8515099239,0.0,0.0,0.0,7.33,9.9,12.1,9.819766177129345,18.657555736545753,29.459298531388036,0.0,0.0,0.0,3.759732286266503,7.143491343906355,11.279196858799509,0.0,0.0,0.0,7.519766177129345,14.287555736545754,22.559298531388034,76989.33328998041,15655.359197561524,4128.211711023986
2063-06-01,5.0,9.0,9999.0,7.33,9.9,12.1,2.3,4.37,6.9,1.0,493034.25150992395,239628.6,732662.8515099239,0.0,0.0,0.0,7.33,9.9,12.1,9.819766177129345,18.657555736545753,29.459298531388036,0.0,0.0,0.0,3.759732286266503,7.143491343906355,11.279196858799509,0.0,0.0,0.0,7.519766177129345,14.287555736545754,22.559298531388034,79195.52705351223,16739.20350999339,4405.036811111559
2063-07-01,5.0,9.0,9999.0,7.33,9.9,12.1,2.3,4.37,6.9,1.0,493034.25150992395,239628.6,732662.8515099239,0.0,0.0,0.0,7.33,9.9,12.1,9.819766177129345,18.657555736545753,29.459298531388036,0.0,0.0,0.0,3.759732286266503,7.143491343906355,11.279196858799509,0.0,0.0,0.0,7.519766177129345,14.287555736545754,22.559298531388034,81026.38300795777,17710.48950002139,4654.351713448322
2063-08-01,5.0,9.0,9999.0,7.33,9.9,12.1,2.3,4.37,6.9,1.0,493034.25150992395,239628.6,732662.8515099239,0.0,0.0,0.0,7.33,9.9,12.1,9.819766177129345,18.657555736545753,29.459298531388036,0.0,0.0,0.0,3.759732286266503,7.143491343906355,11.279196858799509,0.0,0.0,0.0,7.519766177129345,14.287555736545754,22.559298531388034,81891.22916413023,18197.133136932352,4779.712372670446
2063-09-01,5.0,9.0,9999.0,7.33,9.9,12.1,2.3,4.37,6.9,1.0,493034.25150992395,239628.6,732662.8515099239,0.0,0.0,0.0,7.33,9.9,12.1,9.819766177129345,18.657555736545753,29.459298531388036,0.0,0.0,0.0,3.759732286266503,7.143491343906355,11.279196858799509,0.0,0.0,0.0,7.519766177129345,14.287555736545754,22.559298531388034,80454.79692970376,17399.286270099437,4574.523026399394
2063-10-01,5.0,9.0,9999.0,7.33,9.9,12.1,2.3,4.37,6.9,1.0,493034.25150992395,239628.6,732662.8515099239,0.0,0.0,0.0,7.33,9.9,12.1,9.819766177129345,18.657555736545753,29.459298531388036,0.0,0.0,0.0,3.759732286266503,7.143491343906355,11.279196858799509,0.0,0.0,0.0,7.519766177129345,14.287555736545754,22.559298531388034,78749.88122404837,16513.761189741123,4346.955913277079
2063-11-01,5.0,9.0,9999.0,7.33,9.9,12.1,2.3,4.37,6.9,1.0,493034.25150992395,239628.6,732662.8515099239,0.0,0.0,0.0,7.33,9.9,12.1,9.819766177129345,18.657555736545753,29.459298531388036,0.0,0.0,0.0,3.759732286266503,7.143491343906355,11.279196858799509,0.0,0.0,0.0,7.519766177129345,14.287555736545754,22.559298531388034,73648.62491934333,14182.486693759532,3758.4780861620584
2063-12-01,5.0,9.0,9999.0,7.33,9.9,12.1,2.3,4.37,6.9,1.0,493034.25150992395,239628.6,732662.8515099239,0.0,0.0,0.0,7.33,9.9,12.1,9.819766177129345,18.657555736545753,29.459298531388036,0.0,0.0,0.0,3.759732286266503,7.143491343906355,11.279196858799509,0.0,0.0,0.0,7.519766177129345,14.287555736545754,22.559298531388034,70848.09949289236,13077.078931492779,3486.472458234765
2064-01-01,5.0,9.0,9999.0,7.33,9.9,12.1,2.3,4.37,6.9,1.0,493034.25150992395,239628.6,732662.8515099239,0.0,0.0,0.0,7.33,9.9,12.1,9.819766177129345,18.657555736545753,29.459298531388036,0.0,0.0,0.0,3.759732286266503,7.143491343906355,11.279196858799509,0.0,0.0,0.0,7.519766177129345,14.287555736545754,22.559298531388034,70340.5469514459,12887.399320811168,3441.092421147478
2064-02-01,5.0,9.0,9999.0,7.33,9.9,12.1,2.3,4.37,6.9,1.0,493034.25150992395,239628.6,732662.8515099239,0.0,0.0,0.0,7.33,9.9,12.1,9.819766177129345,18.657555736545753,29.459298531388036,0.0,0.0,0.0,3.759732286266503,7.143491343906355,11.279196858799509,0.0,0.0,0.0,7.519766177129345,14.287555736545754,22.559298531388034,71118.21414904525,13179.392042824513,3511.3624300170286
2064-03-01,5.0,9.0,9999.0,7.33,9.9,12.1,2.3,4.37,6.9,1.0,493034.25150992395,239628.6,732662.8515099239,0.0,0.0,0.0,7.33,9.9,12.1,9.819766177129345,18.657555736545753,29.459298531388036,0.0,0.0,0.0,3.759732286266503,7.143491343906355,11.279196858799509,0.0,0.0,0.0,7.519766177129345,14.287555736545754,22.559298531388034,74510.31061121474,14544.007604063667,3848.3744520445184
2064-04-01,5.0,9.0,9999.0,7.33,9.9,12.1,2.3,4.37,6.9,1.0,493034.25150992395,239628.6,732662.8515099239,0.0,0.0,0.0,7.33,9.9,12.1,9.819766177129345,18.657555736545753,29.459298531388036,0.0,0.0,0.0,3.759732286266503,7.143491343906355,11.279196858799509,0.0,0.0,0.0,7.519766177129345,14.287555736545754,22.559298531388034,73011.33217821916,13921.31074001819,3693.9126214158646
2064-05-01,5.0,9.0,9999.0,7.33,9.9,12.1,2.3,4.37,6.9,1.0,493034.25150992395,239628.6,732662.8515099239,0.0,0.0,0.0,7.33,9.9,12.1,9.819766177129345,18.657555736545753,29.459298531388036,0.0,0.0,0.0,3.759732286266503,7.143491343906355,11.279196858799509,0.0,0.0,0.0,7.519766177129345,14.287555736545754,22.559298531388034,80125.24513791915,17222.854760451668,4529.3806878740215
2064-06-01,5.0,9.0,9999.0,7.33,9.9,12.1,2.3,4.37,6.9,1.0,493034.25150992395,239628.6,732662.8515099239,0.0,0.0,0.0,7.33,9.9,12.1,9.819766177129345,18.657555736545753,29.459298531388036,0.0,0.0,0.0,3.759732286266503,7.143491343906355,11.279196858799509,0.0,0.0,0.0,7.519766177129345,14.287555736545754,22.559298531388034,81005.14862900686,17698.786765855457,4651.343353636842
2064-07-01,5.0,9.0,9999.0,7.33,9.9,12.1,2.3,4.37,6.9,1.0,493034.25150992395,239628.6,732662.8515099239,0.0,0.0,0.0,7.33,9.9,12.1,9.819766177129345,18.657555736545753,29.459298531388036,0.0,0.0,0.0,3.759732286266503,7.143491343906355,11.279196858799509,0.0,0.0,0.0,7.519766177129345,14.287555736545754,22.559298531388034,83054.0970372614,18881.328529415645,4957.774310057555
2064-08-01,5.0,9.0,9999.0,7.33,9.9,12.1,2.3,4.37,6.9,1.0,493034.25150992395,239628.6,732662.8515099239,0.0,0.0,0.0,7.33,9.9,12.1,9.819766177129345,18.657555736545753,29.459298531388036,0.0,0.0,0.0,3.759732286266503,7.143491343906355,11.279196858799509,0.0,0.0,0.0,7.519766177129345,14.287555736545754,22.559298531388034,83260.5745212033,19006.180176541235,4990.90074829221
2064-09-01,5.0,9.0,9999.0,7.33,9.9,12.1,2.3,4.37,6.9,1.0,493034.25150992395,239628.6,732662.8515099239,0.0,0.0,0.0,7.33,9.9,12.1,9.819766177129345,18.657555736545753,29.459298531388036,0.0,0.0,0.0,3.759732286266503,7.143491343906355,11.279196858799509,0.0,0.0,0.0,7.519766177129345,14.287555736545754,22.559298531388034,82279.4713873103,18422.308803013424,4837.7616745882215
2064-10-01,5.0,9.0,9999.0,7.33,9.9,12.1,2.3,4.37,6.9,1.0,493034.25150992395,239628.6,732662.8515099239,0.0,0.0,0.0,7.33,9.9,12.1,9.819766177129345,18.657555736545753,29.459298531388036,0.0,0.0,0.0,3.759732286266503,7.143491343906355,11.279196858799509,0.0,0.0,0.0,7.519766177129345,14.287555736545754,22.559298531388034,75337.98205092097,14902.09836840946,3937.5373892670677
2064-11-01,5.0,9.0,9999.0,7.33,9.9,12.1,2.3,4.37,6.9,1.0,493034.25150992395,101442.774,594477.0255099239,313650.0,0.0,0.0,11.168478148711479,15.081945500760497,18.43348894537394,8.401480674633923,15.962813281804454,25.20444202390177,0.0,0.0,0.0,3.759732286266503,7.143491343906355,11.279196858799509,3.8384781487114794,5.181945500760498,6.333488945373941,6.101480674633923,11.592813281804453,18.30444202390177,71477.16783973401,13517.442390573031,3631.9442963411707
2064-12-01,5.0,9.0,9999.0,7.33,9.9,12.1,2.3,4.37,6.9,1.0,493034.25150992395,101442.774,594477.0255099239,313650.0,0.0,0.0,11.168478148711479,15.081945500760497,18.43348894537394,8.401480674633923,15.962813281804454,25.20444202390177,0.0,0.0,0.0,3.759732286266503,7.143491343906355,11.279196858799509,3.8384781487114794,5.181945500760498,6.333488945373941,6.101480674633923,11.592813281804453,18.30444202390177,66032.11535004796,11550.21301159366,3152.0090584870322
2065-01-01,5.0,9.0,9999.0,7.33,9.9,12.1,2.3,4.37,6.9,1.0,493034.25150992395,101442.774,594477.0255099239,313650.0,0.0,0.0,11.168478148711479,15.081945500760497,18.43348894537394,8.401480674633923,15.962813281804454,25.20444202390177,0.0,0.0,0.0,3.759732286266503,7.143491343906355,11.279196858799509,3.8384781487114794,5.181945500760498,6.333488945373941,6.101480674633923,11.592813281804453,18.30444202390177,67471.92691286725,12039.33298783242,3270.60541168654
2065-02-01,5.0,9.0,9999.0,7.33,9.9,12.1,2.3,4.37,6.9,1.0,493034.25150992395,101442.774,594477.0255099239,313650.0,0.0,0.0,11.168478148711479,15.081945500760497,18.43348894537394,8.401480674633923,15.962813281804454,25.20444202390177,0.0,0.0,0.0,3.759732286266503,7.143491343906355,11.279196858799509,3.8384781487114794,5.181945500760498,6.333488945373941,6.101480674633923,11.592813281804453,18.30444202390177,67067.26186477767,11899.482359322112,3236.7865981389555
2065-03-01,5.0,9.0,9999.0,7.33,9.9,12.1,2.3,4.37,6.9,1.0,493034.25150992395,101442.774,594477.0255099239,313650.0,0.0,0.0,11.168478148711479,15.081945500760497,18.43348894537394,8.401480674633923,15.962813281804454,25.20444202390177,0.0,0.0,0.0,3.759732286266503,7.143491343906355,11.279196858799509,3.8384781487114794,5.181945500760498,6.333488945373941,6.101480674633923,11.592813281804453,18.30444202390177,69083.55432396638,12612.260848007729,3408.6445787219805
2065-04-01,5.0,9.0,9999.0,7.33,9.9,12.1,2.3,4.37,6.9,1.0,493034.25150992395,101442.774,594477.0255099239,313650.0,0.0,0.0,11.168478148711479,15.081945500760497,18.43348894537394,8.401480674633923,15.962813281804454,25.20444202390177,0.0,0.0,0.0,3.759732286266503,7.143491343906355,11.279196858799509,3.8384781487114794,5.181945500760498,6.333488945373941,6.101480674633923,11.592813281804453,18.30444202390177,69325.53034753687,12700.721014551707,3429.9057893555846
2065-05-01,5.0,9.0,9999.0,7.33,9.9,12.1,2.3,4.37,6.9,1.0,493034.25150992395,101442.774,594477.0255099239,313650.0,0.0,0.0,11.168478148711479,15.081945500760497,18.43348894537394,8.401480674633923,15.962813281804454,25.20444202390177,0.0,0.0,0.0,3.759732286266503,7.143491343906355,11.279196858799509,3.8384781487114794,5.181945500760498,6.333488945373941,6.101480674633923,11.592813281804453,18.30444202390177,72950.01256900452,14111.42818813344,3781.4399694586305
2065-06-01,5.0,9.0,9999.0,7.33,9.9,12.1,2.3,4.37,6.9,1.0,493034.25150992395,101442.774,594477.0255099239,313650.0,0.0,0.0,11.168478148711479,15.081945500760497,18.43348894537394,8.401480674633923,15.962813281804454,25.20444202390177,0.0,0.0,0.0,3.759732286266503,7.143491343906355,11.279196858799509,3.8384781487114794,5.181945500760498,6.333488945373941,6.101480674633923,11.592813281804453,18.30444202390177,78301.99991563984,16563.737346782367,4413.369087840119
2065-07-01,5.0,9.0,9999.0,7.33,9.9,12.1,2.3,4.37,6.9,1.0,493034.25150992395,101442.774,594477.0255099239,313650.0,0.0,0.0,11.168478148711479,15.081945500760497,18.43348894537394,8.401480674633923,15.962813281804454,25.20444202390177,0.0,0.0,0.0,3.759732286266503,7.143491343906355,11.279196858799509,3.8384781487114794,5.181945500760498,6.333488945373941,6.101480674633923,11.592813281804453,18.30444202390177,77975.1816285323,16399.484910063107,4370.344812691908
2065-08-01,5.0,9.0,9999.0,7.33,9.9,12.1,2.3,4.37,6.9,1.0,493034.25150992395,101442.774,594477.0255099239,313650.0,0.0,0.0,11.168478148711479,15.081945500760497,18.43348894537394,8.401480674633923,15.962813281804454,25.20444202390177,0.0,0.0,0.0,3.759732286266503,7.143491343906355,11.279196858799509,3.8384781487114794,5.181945500760498,6.333488945373941,6.101480674633923,11.592813281804453,18.30444202390177,79340.0092708046,17098.6683191242,4553.45067557509
2065-09-01,5.0,9.0,9999.0,7.33,9.9,12.1,2.3,4.37,6.9,1.0,493034.25150992395,101442.774,594477.0255099239,313650.0,0.0,0.0,11.168478148711479,15.081945500760497,18.43348894537394,8.401480674633923,15.962813281804454,25.20444202390177,0.0,0.0,0.0,3.759732286266503,7.143491343906355,11.279196858799509,3.8384781487114794,5.181945500760498,6.333488945373941,6.101480674633923,11.592813281804453,18.30444202390177,80930.80430771504,17965.107363462794,4780.198587562873
2065-10-01,5.0,9.0,9999.0,7.33,9.9,12.1,2.3,4.37,6.9,1.0,493034.25150992395,101442.774,594477.0255099239,313650.0,0.0,0.0,11.168478148711479,15.081945500760497,18.43348894537394,8.401480674633923,15.962813281804454,25.20444202390177,0.0,0.0,0.0,3.759732286266503,7.143491343906355,11.279196858799509,3.8384781487114794,5.181945500760498,6.333488945373941,6.101480674633923,11.592813281804453,18.30444202390177,76379.96551143173,15622.985962395947,4168.793482017067
2065-11-01,5.0,9.0,9999.0,7.33,9.9,12.1,2.3,4.37,6.9,1.0,493034.25150992395,101442.774,594477.0255099239,313650.0,0.0,0.0,11.168478148711479,15.081945500760497,18.43348894537394,8.401480674633923,15.962813281804454,25.20444202390177,0.0,0.0,0.0,3.759732286266503,7.143491343906355,11.279196858799509,3.8384781487114794,5.181945500760498,6.333488945373941,6.101480674633923,11.592813281804453,18.30444202390177,69883.65450182231,12907.159877568838,3479.980885046254
2065-12-01,5.0,9.0,9999.0,7.33,9.9,12.1,2.3,4.37,6.9,1.0,493034.25150992395,101442.774,594477.0255099239,313650.0,0.0,0.0,11.168478148711479,15.081945500760497,18.43348894537394,8.401480674633923,15.962813281804454,25.20444202390177,0.0,0.0,0.0,3.759732286266503,7.143491343906355,11.279196858799509,3.8384781487114794,5.181945500760498,6.333488945373941,6.101480674633923,11.592813281804453,18.30444202390177,65545.73010243493,11388.706354813097,3112.8195374932375
2066-01-01,5.0,9.0,9999.0,7.33,9.9,12.1,2.3,4.37,6.9,1.0,493034.25150992395,101442.774,594477.0255099239,313650.0,0.0,0.0,11.168478148711479,15.081945500760497,18.43348894537394,8.401480674633923,15.962813281804454,25.20444202390177,0.0,0.0,0.0,3.759732286266503,7.143491343906355,11.279196858799509,3.8384781487114794,5.181945500760498,6.333488945373941,6.101480674633923,11.592813281804453,18.30444202390177,65602.29093660049,11407.395867509316,3117.351505223196
2066-02-01,5.0,9.0,9999.0,7.33,9.9,12.1,2.3,4.37,6.9,1.0,493034.25150992395,101442.774,594477.0255099239,313650.0,0.0,0.0,11.168478148711479,15.081945500760497,18.43348894537394,8.401480674633923,15.962813281804454,25.20444202390177,0.0,0.0,0.0,3.759732286266503,7.143491343906355,11.279196858799509,3.8384781487114794,5.181945500760498,6.333488945373941,6.101480674633923,11.592813281804453,18.30444202390177,65578.24622966583,11399.446084556293,3115.424001364986
2066-03-01,5.0,9.0,9999.0,7.33,9.9,12.1,2.3,4.37,6.9,1.0,493034.25150992395,101442.774,594477.0255099239,313650.0,0.0,0.0,11.168478148711479,15.081945500760497,18.43348894537394,8.401480674633923,15.962813281804454,25.20444202390177,0.0,0.0,0.0,3.759732286266503,7.143491343906355,11.279196858799509,3.8384781487114794,5.181945500760498,6.333488945373941,6.101480674633923,11.592813281804453,18.30444202390177,70842.22403690618,13270.808730769872,3570.332049061822
2066-04-01,5.0,9.0,9999.0,7.33,9.9,12.1,2.3,4.37,6.9,1.0,493034.25150992395,101442.774,594477.0255099239,313650.0,0.0,0.0,11.168478148711479,15.081945500760497,18.43348894537394,8.401480674633923,15.962813281804454,25.20444202390177,0.0,0.0,0.0,3.759732286266503,7.143491343906355,11.279196858799509,3.8384781487114794,5.181945500760498,6.333488945373941,6.101480674633923,11.592813281804453,18.30444202390177,75495.64710741016,15213.501108366752,4062.5179796918837
2066-05-01,5.0,9.0,9999.0,7.33,9.9,12.1,2.3,4.37,6.9,1.0,493034.25150992395,101442.774,594477.0255099239,313650.0,0.0,0.0,11.168478148711479,15.081945500760497,18.43348894537394,8.401480674633923,15.962813281804454,25.20444202390177,0.0,0.0,0.0,3.759732286266503,7.143491343906355,11.279196858799509,3.8384781487114794,5.181945500760498,6.333488945373941,6.101480674633923,11.592813281804453,18.30444202390177,76239.0158311416,15556.738382627482,4151.586035981123
2066-06-01,5.0,9.0,9999.0,7.33,9.9,12.1,2.3,4.37,6.9,1.0,493034.25150992395,101442.774,594477.0255099239,313650.0,0.0,0.0,11.168478148711479,15.081945500760497,18.43348894537394,8.401480674633923,15.962813281804454,25.20444202390177,0.0,0.0,0.0,3.759732286266503,7.143491343906355,11.279196858799509,3.8384781487114794,5.181945500760498,6.333488945373941,6.101480674633923,11.592813281804453,18.30444202390177,79632.97076199837,17254.023613558125,4593.976073597115
2066-07-01,5.0,9.0,9999.0,7.33,9.9,12.1,2.3,4.37,6.9,1.0,493034.25150992395,101442.774,594477.0255099239,313650.0,0.0,0.0,11.168478148711479,15.081945500760497,18.43348894537394,8.401480674633923,15.962813281804454,25.20444202390177,0.0,0.0,0.0,3.759732286266503,7.143491343906355,11.279196858799509,3.8384781487114794,5.181945500760498,6.333488945373941,6.101480674633923,11.592813281804453,18.30444202390177,81927.44119369333,18539.031375327344,4931.811510320759
2066-08-01,5.0,9.0,9999.0,7.33,9.9,12.1,2.3,4.37,6.9,1.0,493034.25150992395,101442.774,594477.0255099239,313650.0,0.0,0.0,11.168478148711479,15.081945500760497,18.43348894537394,8.401480674633923,15.962813281804454,25.20444202390177,0.0,0.0,0.0,3.759732286266503,7.143491343906355,11.279196858799509,3.8384781487114794,5.181945500760498,6.333488945373941,6.101480674633923,11.592813281804453,18.30444202390177,79617.35146555347,17245.675309760984,4591.800326433069
2066-09-01,5.0,9.0,9999.0,7.33,9.9,12.1,2.3,4.37,6.9,1.0,493034.25150992395,101442.774,594477.0255099239,313650.0,0.0,0.0,11.168478148711479,15.081945500760497,18.43348894537394,8.401480674633923,15.962813281804454,25.20444202390177,0.0,0.0,0.0,3.759732286266503,7.143491343906355,11.279196858799509,3.8384781487114794,5.181945500760498,6.333488945373941,6.101480674633923,11.592813281804453,18.30444202390177,78993.78040615383,16917.817033382984,4506.153355800971
2066-10-01,5.0,9.0,9999.0,7.33,9.9,12.1,2.3,4.37,6.9,1.0,493034.25150992395,101442.774,594477.0255099239,313650.0,0.0,0.0,11.168478148711479,15.081945500760497,18.43348894537394,8.401480674633923,15.962813281804454,25.20444202390177,0.0,0.0,0.0,3.759732286266503,7.143491343906355,11.279196858799509,3.8384781487114794,5.181945500760498,6.333488945373941,6.101480674633923,11.592813281804453,18.30444202390177,75620.6229054883,15270.539434338376,4077.245675967085
2066-11-01,5.0,9.0,9999.0,7.33,9.9,12.1,2.3,4.37,6.9,1.0,493034.25150992395,101442.774,594477.0255099239,313650.0,0.0,0.0,11.168478148711479,15.081945500760497,18.43348894537394,8.401480674633923,15.962813281804454,25.20444202390177,0.0,0.0,0.0,3.759732286266503,7.143491343906355,11.279196858799509,3.8384781487114794,5.181945500760498,6.333488945373941,6.101480674633923,11.592813281804453,18.30444202390177,68232.87711911705,12306.71555268383,3335.0410740306947
2066-12-01,5.0,9.0,9999.0,7.33,9.9,12.1,2.3,4.37,6.9,1.0,493034.25150992395,101442.774,594477.0255099239,313650.0,0.0,0.0,11.168478148711479,15.081945500760497,18.43348894537394,8.401480674633923,15.962813281804454,25.20444202390177,0.0,0.0,0.0,3.759732286266503,7.143491343906355,11.279196858799509,3.8384781487114794,5.181945500760498,6.333488945373941,6.101480674633923,11.592813281804453,18.30444202390177,64518.16002720908,11055.281995272426,3032.169153210657
2067-01-01,5.0,9.0,9999.0,7.33,9.9,12.1,2.3,4.37,6.9,1.0,493034.25150992395,101442.774,594477.0255099239,313650.0,0.0,0.0,11.168478148711479,15.081945500760497,18.43348894537394,8.401480674633923,15.962813281804454,25.20444202390177,0.0,0.0,0.0,3.759732286266503,7.143491343906355,11.279196858799509,3.8384781487114794,5.181945500760498,6.333488945373941,6.101480674633923,11.592813281804453,18.30444202390177,65607.20990623509,11409.022674799668,3117.7458838596585
2067-02-01,5.0,9.0,9999.0,7.33,9.9,12.1,2.3,4.37,6.9,1.0,493034.25150992395,101442.774,594477.0255099239,313650.0,0.0,0.0,11.168478148711479,15.081945500760497,18.43348894537394,8.401480674633923,15.962813281804454,25.20444202390177,0.0,0.0,0.0,3.759732286266503,7.143491343906355,11.279196858799509,3.8384781487114794,5.181945500760498,6.333488945373941,6.101480674633923,11.592813281804453,18.30444202390177,66016.15821923115,11544.884537896529,3150.7141797721824
2067-03-01,5.0,9.0,9999.0,7.33,9.9,12.1,2.3,4.37,6.9,1.0,493034.25150992395,101442.774,594477.0255099239,313650.0,0.0,0.0,11.168478148711479,15.081945500760497,18.43348894537394,8.401480674633923,15.962813281804454,25.20444202390177,0.0,0.0,0.0,3.759732286266503,7.143491343906355,11.279196858799509,3.8384781487114794,5.181945500760498,6.333488945373941,6.101480674633923,11.592813281804453,18.30444202390177,66143.24088503876,11587.326388628857,3161.0287702567052
2067-04-01,5.0,9.0,9999.0,7.33,9.9,12.1,2.3,4.37,6.9,1.0,493034.25150992395,101442.774,594477.0255099239,313650.0,0.0,0.0,11.168478148711479,15.081945500760497,18.43348894537394,8.401480674633923,15.962813281804454,25.20444202390177,0.0,0.0,0.0,3.759732286266503,7.143491343906355,11.279196858799509,3.8384781487114794,5.181945500760498,6.333488945373941,6.101480674633923,11.592813281804453,18.30444202390177,73124.55525210754,14183.914487798205,3799.727373281937
2067-05-01,5.0,9.0,9999.0,7.33,9.9,12.1,2.3,4.37,6.9,1.0,493034.25150992395,101442.774,594477.0255099239,313650.0,0.0,0.0,11.168478148711479,15.081945500760497,18.43348894537394,8.401480674633923,15.962813281804454,25.20444202390177,0.0,0.0,0.0,3.759732286266503,7.143491343906355,11.279196858799509,3.8384781487114794,5.181945500760498,6.333488945373941,6.101480674633923,11.592813281804453,18.30444202390177,72793.47702613681,14046.77243439003,3765.1094606586544
2067-06-01,5.0,9.0,9999.0,7.33,9.9,12.1,2.3,4.37,6.9,1.0,493034.25150992395,101442.774,594477.0255099239,313650.0,0.0,0.0,11.168478148711479,15.081945500760497,18.43348894537394,8.401480674633923,15.962813281804454,25.20444202390177,0.0,0.0,0.0,3.759732286266503,7.143491343906355,11.279196858799509,3.8384781487114794,5.181945500760498,6.333488945373941,6.101480674633923,11.592813281804453,18.30444202390177,73589.0609694111,14378.645172967199,3848.959942647635
2067-07-01,5.0,9.0,9999.0,7.33,9.9,12.1,2.3,4.37,6.9,1.0,493034.25150992395,101442.774,594477.0255099239,313650.0,0.0,0.0,11.168478148711479,15.081945500760497,18.43348894537394,8.401480674633923,15.962813281804454,25.20444202390177,0.0,0.0,0.0,3.759732286266503,7.143491343906355,11.279196858799509,3.8384781487114794,5.181945500760498,6.333488945373941,6.101480674633923,11.592813281804453,18.30444202390177,77207.32279258581,16020.00048421161,4271.410641884275
2067-08-01,5.0,9.0,9999.0,7.33,9.9,12.1,2.3,4.37,6.9,1.0,493034.25150992395,101442.774,594477.0255099239,313650.0,0.0,0.0,11.168478148711479,15.081945500760497,18.43348894537394,8.401480674633923,15.962813281804454,25.20444202390177,0.0,0.0,0.0,3.759732286266503,7.143491343906355,11.279196858799509,3.8384781487114794,5.181945500760498,6.333488945373941,6.101480674633923,11.592813281804453,18.30444202390177,80870.82241308517,17931.39297381409,4771.329118496776
2067-09-01,5.0,9.0,9999.0,7.33,9.9,12.1,2.3,4.37,6.9,1.0,493034.25150992395,101442.774,594477.0255099239,313650.0,0.0,0.0,11.168478148711479,15.081945500760497,18.43348894537394,8.401480674633923,15.962813281804454,25.20444202390177,0.0,0.0,0.0,3.759732286266503,7.143491343906355,11.279196858799509,3.8384781487114794,5.181945500760498,6.333488945373941,6.101480674633923,11.592813281804453,18.30444202390177,77417.35322927423,16122.975755059424,4298.121144906357
2067-10-01,5.0,9.0,9999.0,7.33,9.9,12.1,2.3,4.37,6.9,1.0,493034.25150992395,101442.774,594477.0255099239,313650.0,0.0,0.0,11.168478148711479,15.081945500760497,18.43348894537394,8.401480674633923,15.962813281804454,25.20444202390177,0.0,0.0,0.0,3.759732286266503,7.143491343906355,11.279196858799509,3.8384781487114794,5.181945500760498,6.333488945373941,6.101480674633923,11.592813281804453,18.30444202390177,77761.05603795184,16292.87610059052,4342.435620370701
2067-11-01,5.0,9.0,9999.0,7.33,9.9,12.1,2.3,4.37,6.9,1.0,493034.25150992395,101442.774,594477.0255099239,313650.0,0.0,0.0,11.168478148711479,15.081945500760497,18.43348894537394,8.401480674633923,15.962813281804454,25.20444202390177,0.0,0.0,0.0,3.759732286266503,7.143491343906355,11.279196858799509,3.8384781487114794,5.181945500760498,6.333488945373941,6.101480674633923,11.592813281804453,18.30444202390177,69139.30074988566,12632.593958528003,3413.536872166132
2067-12-01,5.0,9.0,9999.0,7.33,9.9,12.1,2.3,4.37,6.9,1.0,493034.25150992395,101442.774,594477.0255099239,313650.0,0.0,0.0,11.168478148711479,15.081945500760497,18.43348894537394,8.401480674633923,15.962813281804454,25.20444202390177,0.0,0.0,0.0,3.759732286266503,7.143491343906355,11.279196858799509,3.8384781487114794,5.181945500760498,6.333488945373941,6.101480674633923,11.592813281804453,18.30444202390177,67379.71807440199,12007.35003804841,3262.8760173318537
2068-01-01,5.0,9.0,9999.0,7.33,9.9,12.1,2.3,4.37,6.9,1.0,493034.25150992395,101442.774,594477.0255099239,313650.0,0.0,0.0,11.168478148711479,15.081945500760497,18.43348894537394,8.401480674633923,15.962813281804454,25.20444202390177,0.0,0.0,0.0,3.759732286266503,7.143491343906355,11.279196858799509,3.8384781487114794,5.181945500760498,6.333488945373941,6.101480674633923,11.592813281804453,18.30444202390177,67405.77646883386,12016.387728025033,3265.0590219930405
2068-02-01,5.0,9.0,9999.0,7.33,9.9,12.1,2.3,4.37,6.9,1.0,493034.25150992395,101442.774,594477.0255099239,313650.0,0.0,0.0,11.168478148711479,15.081945500760497,18.43348894537394,8.401480674633923,15.962813281804454,25.20444202390177,0.0,0.0,0.0,3.759732286266503,7.143491343906355,11.279196858799509,3.8384781487114794,5.181945500760498,6.333488945373941,6.101480674633923,11.592813281804453,18.30444202390177,69576.26021859118,12793.059322820965,3452.1584087782157
2068-03-01,5.0,9.0,9999.0,7.33,9.9,12.1,2.3,4.37,6.9,1.0,493034.25150992395,101442.774,594477.0255099239,313650.0,0.0,0.0,11.168478148711479,15.081945500760497,18.43348894537394,8.401480674633923,15.962813281804454,25.20444202390177,0.0,0.0,0.0,3.759732286266503,7.143491343906355,11.279196858799509,3.8384781487114794,5.181945500760498,6.333488945373941,6.101480674633923,11.592813281804453,18.30444202390177,71809.98956340828,13649.00824748241,3664.9388896704904
2068-04-01,5.0,9.0,9999.0,7.33,9.9,12.1,2.3,4.37,6.9,1.0,493034.25150992395,101442.774,594477.0255099239,313650.0,0.0,0.0,11.168478148711479,15.081945500760497,18.43348894537394,8.401480674633923,15.962813281804454,25.20444202390177,0.0,0.0,0.0,3.759732286266503,7.143491343906355,11.279196858799509,3.8384781487114794,5.181945500760498,6.333488945373941,6.101480674633923,11.592813281804453,18.30444202390177,70779.76458247594,13246.8250788912,3564.3453080081035
2068-05-01,5.0,9.0,9999.0,7.33,9.9,12.1,2.3,4.37,6.9,1.0,493034.25150992395,101442.774,594477.0255099239,313650.0,0.0,0.0,11.168478148711479,15.081945500760497,18.43348894537394,8.401480674633923,15.962813281804454,25.20444202390177,0.0,0.0,0.0,3.759732286266503,7.143491343906355,11.279196858799509,3.8384781487114794,5.181945500760498,6.333488945373941,6.101480674633923,11.592813281804453,18.30444202390177,73090.7545216619,14169.8366941611,3796.1780460988653
2068-06-01,5.0,9.0,9999.0,7.33,9.9,12.1,2.3,4.37,6.9,1.0,493034.25150992395,101442.774,594477.0255099239,313650.0,0.0,0.0,11.168478148711479,15.081945500760497,18.43348894537394,8.401480674633923,15.962813281804454,25.20444202390177,0.0,0.0,0.0,3.759732286266503,7.143491343906355,11.279196858799509,3.8384781487114794,5.181945500760498,6.333488945373941,6.101480674633923,11.592813281804453,18.30444202390177,78473.64239493605,16650.73400858502,4436.180629258403
2068-07-01,5.0,9.0,9999.0,7.33,9.9,12.1,2.3,4.37,6.9,1.0,493034.25150992395,101442.774,594477.0255099239,313650.0,0.0,0.0,11.168478148711479,15.081945500760497,18.43348894537394,8.401480674633923,15.962813281804454,25.20444202390177,0.0,0.0,0.0,3.759732286266503,7.143491343906355,11.279196858799509,3.8384781487114794,5.181945500760498,6.333488945373941,6.101480674633923,11.592813281804453,18.30444202390177,81581.89353288116,18336.877437171035,4878.084505569336
2068-08-01,5.0,9.0,9999.0,7.33,9.9,12.1,2.3,4.37,6.9,1.0,493034.25150992395,101442.774,594477.0255099239,313650.0,0.0,0.0,11.168478148711479,15.081945500760497,18.43348894537394,8.401480674633923,15.962813281804454,25.20444202390177,0.0,0.0,0.0,3.759732286266503,7.143491343906355,11.279196858799509,3.8384781487114794,5.181945500760498,6.333488945373941,6.101480674633923,11.592813281804453,18.30444202390177,82349.48613969155,18789.402404679764,4999.272878924747
2068-09-01,5.0,9.0,9999.0,7.33,9.9,12.1,2.3,4.37,6.9,1.0,493034.25150992395,101442.774,594477.0255099239,313650.0,0.0,0.0,11.168478148711479,15.081945500760497,18.43348894537394,8.401480674633923,15.962813281804454,25.20444202390177,0.0,0.0,0.0,3.759732286266503,7.143491343906355,11.279196858799509,3.8384781487114794,5.181945500760498,6.333488945373941,6.101480674633923,11.592813281804453,18.30444202390177,83624.79936709044,19573.231352550414,5212.580645513004
2068-10-01,5.0,9.0,9999.0,7.33,9.9,12.1,2.3,4.37,6.9,1.0,493034.25150992395,101442.774,594477.0255099239,313650.0,0.0,0.0,11.168478148711479,15.081945500760497,18.43348894537394,8.401480674633923,15.962813281804454,25.20444202390177,0.0,0.0,0.0,3.759732286266503,7.143491343906355,11.279196858799509,3.8384781487114794,5.181945500760498,6.333488945373941,6.101480674633923,11.592813281804453,18.30444202390177,78178.76497493316,16501.620810817996,4397.083674973851
2068-11-01,5.0,9.0,9999.0,7.33,9.9,12.1,2.3,4.37,6.9,1.0,493034.25150992395,0.0,493034.25150992395,1143080.0,0.0,0.0,21.319120364192948,28.785312491660484,35.182048600918364,7.360311548524567,13.984591942196676,22.080934645573706,9.344917974580842,12.615639265684138,15.419114658058387,2.793491214806407,5.307633308132173,8.38047364441922,13.989120364192948,18.885312491660482,23.082048600918363,5.0603115485245675,9.614591942196677,15.180934645573704,66626.38113541575,11954.956601341884,3292.4271635695786
2068-12-01,5.0,9.0,9999.0,7.33,9.9,12.1,2.3,4.37,6.9,1.0,493034.25150992395,0.0,493034.25150992395,1143080.0,0.0,0.0,21.319120364192948,28.785312491660484,35.182048600918364,7.360311548524567,13.984591942196676,22.080934645573706,9.344917974580842,12.615639265684138,15.419114658058387,2.793491214806407,5.307633308132173,8.38047364441922,13.989120364192948,18.885312491660482,23.082048600918363,5.0603115485245675,9.614591942196677,15.180934645573704,62319.28772824195,10541.067258272624,2942.627725623569
2069-01-01,5.0,9.0,9999.0,7.33,9.9,12.1,2.3,4.37,6.9,1.0,493034.25150992395,0.0,493034.25150992395,1143080.0,0.0,0.0,21.319120364192948,28.785312491660484,35.182048600918364,7.360311548524567,13.984591942196676,22.080934645573706,9.344917974580842,12.615639265684138,15.419114658058387,2.793491214806407,5.307633308132173,8.38047364441922,13.989120364192948,18.885312491660482,23.082048600918363,5.0603115485245675,9.614591942196677,15.180934645573704,63240.2288055647,10828.992625038714,3013.7229452358756
2069-02-01,5.0,9.0,9999.0,7.33,9.9,12.1,2.3,4.37,6.9,1.0,493034.25150992395,0.0,493034.25150992395,1143080.0,0.0,0.0,21.319120364192948,28.785312491660484,35.182048600918364,7.360311548524567,13.984591942196676,22.080934645573706,9.344917974580842,12.615639265684138,15.419114658058387,2.793491214806407,5.307633308132173,8.38047364441922,13.989120364192948,18.885312491660482,23.082048600918363,5.0603115485245675,9.614591942196677,15.180934645573704,64354.498598466394,11188.634556842278,3102.6344412881285
2069-03-01,5.0,9.0,9999.0,7.33,9.9,12.1,2.3,4.37,6.9,1.0,493034.25150992395,0.0,493034.25150992395,1143080.0,0.0,0.0,21.319120364192948,28.785312491660484,35.182048600918364,7.360311548524567,13.984591942196676,22.080934645573706,9.344917974580842,12.615639265684138,15.419114658058387,2.793491214806407,5.307633308132173,8.38047364441922,13.989120364192948,18.885312491660482,23.082048600918363,5.0603115485245675,9.614591942196677,15.180934645573704,67020.96489797297,12093.097140677806,3326.48705561522
2069-04-01,5.0,9.0,9999.0,7.33,9.9,12.1,2.3,4.37,6.9,1.0,493034.25150992395,0.0,493034.25150992395,1143080.0,0.0,0.0,21.319120364192948,28.785312491660484,35.182048600918364,7.360311548524567,13.984591942196676,22.080934645573706,9.344917974580842,12.615639265684138,15.419114658058387,2.793491214806407,5.307633308132173,8.38047364441922,13.989120364192948,18.885312491660482,23.082048600918363,5.0603115485245675,9.614591942196677,15.180934645573704,69604.78338231778,13038.52221730463,3562.2588690528887
2069-05-01,5.0,9.0,9999.0,7.33,9.9,12.1,2.3,4.37,6.9,1.0,493034.25150992395,0.0,493034.25150992395,1143080.0,0.0,0.0,21.319120364192948,28.785312491660484,35.182048600918364,7.360311548524567,13.984591942196676,22.080934645573706,9.344917974580842,12.615639265684138,15.419114658058387,2.793491214806407,5.307633308132173,8.38047364441922,13.989120364192948,18.885312491660482,23.082048600918363,5.0603115485245675,9.614591942196677,15.180934645573704,73188.69197711565,14485.394277858384,3935.300470425103
2069-06-01,5.0,9.0,9999.0,7.33,9.9,12.1,2.3,4.37,6.9,1.0,493034.25150992395,0.0,493034.25150992395,1143080.0,0.0,0.0,21.319120364192948,28.785312491660484,35.182048600918364,7.360311548524567,13.984591942196676,22.080934645573706,9.344917974580842,12.615639265684138,15.419114658058387,2.793491214806407,5.307633308132173,8.38047364441922,13.989120364192948,18.885312491660482,23.082048600918363,5.0603115485245675,9.614591942196677,15.180934645573704,76016.55012508175,15766.25076940607,4275.145998112596
2069-07-01,5.0,9.0,9999.0,7.33,9.9,12.1,2.3,4.37,6.9,1.0,493034.25150992395,0.0,493034.25150992395,1143080.0,0.0,0.0,21.319120364192948,28.785312491660484,35.182048600918364,7.360311548524567,13.984591942196676,22.080934645573706,9.344917974580842,12.615639265684138,15.419114658058387,2.793491214806407,5.307633308132173,8.38047364441922,13.989120364192948,18.885312491660482,23.082048600918363,5.0603115485245675,9.614591942196677,15.180934645573704,75950.15685950642,15734.434964021602,4266.679029169845
2069-08-01,5.0,9.0,9999.0,7.33,9.9,12.1,2.3,4.37,6.9,1.0,493034.25150992395,0.0,493034.25150992395,1143080.0,0.0,0.0,21.319120364192948,28.785312491660484,35.182048600918364,7.360311548524567,13.984591942196676,22.080934645573706,9.344917974580842,12.615639265684138,15.419114658058387,2.793491214806407,5.307633308132173,8.38047364441922,13.989120364192948,18.885312491660482,23.082048600918363,5.0603115485245675,9.614591942196677,15.180934645573704,76314.17740538061,15910.25199189574,4313.5446944456335
2069-09-01,5.0,9.0,9999.0,7.33,9.9,12.1,2.3,4.37,6.9,1.0,493034.25150992395,0.0,493034.25150992395,1143080.0,0.0,0.0,21.319120364192948,28.785312491660484,35.182048600918364,7.360311548524567,13.984591942196676,22.080934645573706,9.344917974580842,12.615639265684138,15.419114658058387,2.793491214806407,5.307633308132173,8.38047364441922,13.989120364192948,18.885312491660482,23.082048600918363,5.0603115485245675,9.614591942196677,15.180934645573704,77975.66936597848,16741.009648984924,4535.9070340206845
2069-10-01,5.0,9.0,9999.0,7.33,9.9,12.1,2.3,4.37,6.9,1.0,493034.25150992395,0.0,493034.25150992395,1143080.0,0.0,0.0,21.319120364192948,28.785312491660484,35.182048600918364,7.360311548524567,13.984591942196676,22.080934645573706,9.344917974580842,12.615639265684138,15.419114658058387,2.793491214806407,5.307633308132173,8.38047364441922,13.989120364192948,18.885312491660482,23.082048600918363,5.0603115485245675,9.614591942196677,15.180934645573704,71979.06900193846,13976.958236461063,3803.542891680572
2069-11-01,5.0,9.0,9999.0,7.33,9.9,12.1,2.3,4.37,6.9,1.0,493034.25150992395,0.0,493034.25150992395,1143080.0,0.0,0.0,21.319120364192948,28.785312491660484,35.182048600918364,7.360311548524567,13.984591942196676,22.080934645573706,9.344917974580842,12.615639265684138,15.419114658058387,2.793491214806407,5.307633308132173,8.38047364441922,13.989120364192948,18.885312491660482,23.082048600918363,5.0603115485245675,9.614591942196677,15.180934645573704,66515.63126412625,11916.473001136119,3282.9416623664547
2069-12-01,5.0,9.0,9999.0,7.33,9.9,12.1,2.3,4.37,6.9,1.0,493034.25150992395,0.0,493034.25150992395,1143080.0,0.0,0.0,21.319120364192948,28.785312491660484,35.182048600918364,7.360311548524567,13.984591942196676,22.080934645573706,9.344917974580842,12.615639265684138,15.419114658058387,2.793491214806407,5.307633308132173,8.38047364441922,13.989120364192948,18.885312491660482,23.082048600918363,5.0603115485245675,9.614591942196677,15.180934645573704,62287.23281023526,10531.226943295396,2940.1872936979476
2070-01-01,5.0,9.0,9999.0,7.33,9.9,12.1,2.3,4.37,6.9,1.0,493034.25150992395,0.0,493034.25150992395,1143080.0,0.0,0.0,21.319120364192948,28.785312491660484,35.182048600918364,7.360311548524567,13.984591942196676,22.080934645573706,9.344917974580842,12.615639265684138,15.419114658058387,2.793491214806407,5.307633308132173,8.38047364441922,13.989120364192948,18.885312491660482,23.082048600918363,5.0603115485245675,9.614591942196677,15.180934645573704,63954.78226233744,11058.333782606363,3070.3142209980833
2070-02-01,5.0,9.0,9999.0,7.33,9.9,12.1,2.3,4.37,6.9,1.0,493034.25150992395,0.0,493034.25150992395,1143080.0,0.0,0.0,21.319120364192948,28.785312491660484,35.182048600918364,7.360311548524567,13.984591942196676,22.080934645573706,9.344917974580842,12.615639265684138,15.419114658058387,2.793491214806407,5.307633308132173,8.38047364441922,13.989120364192948,18.885312491660482,23.082048600918363,5.0603115485245675,9.614591942196677,15.180934645573704,63084.86109786767,10779.685646296892,3001.5737005177343
2070-03-01,5.0,9.0,9999.0,7.33,9.9,12.1,2.3,4.37,6.9,1.0,493034.25150992395,0.0,493034.25150992395,1143080.0,0.0,0.0,21.319120364192948,28.785312491660484,35.182048600918364,7.360311548524567,13.984591942196676,22.080934645573706,9.344917974580842,12.615639265684138,15.419114658058387,2.793491214806407,5.307633308132173,8.38047364441922,13.989120364192948,18.885312491660482,23.082048600918363,5.0603115485245675,9.614591942196677,15.180934645573704,66179.29245482603,11800.600195978395,3254.2753095131716
2070-04-01,5.0,9.0,9999.0,7.33,9.9,12.1,2.3,4.37,6.9,1.0,493034.25150992395,0.0,493034.25150992395,1143080.0,0.0,0.0,21.319120364192948,28.785312491660484,35.182048600918364,7.360311548524567,13.984591942196676,22.080934645573706,9.344917974580842,12.615639265684138,15.419114658058387,2.793491214806407,5.307633308132173,8.38047364441922,13.989120364192948,18.885312491660482,23.082048600918363,5.0603115485245675,9.614591942196677,15.180934645573704,66919.0011460923,12057.229225578041,3317.6479071778326
2070-05-01,5.0,9.0,9999.0,7.33,9.9,12.1,2.3,4.37,6.9,1.0,493034.25150992395,0.0,493034.25150992395,1143080.0,0.0,0.0,21.319120364192948,28.785312491660484,35.182048600918364,7.360311548524567,13.984591942196676,22.080934645573706,9.344917974580842,12.615639265684138,15.419114658058387,2.793491214806407,5.307633308132173,8.38047364441922,13.989120364192948,18.885312491660482,23.082048600918363,5.0603115485245675,9.614591942196677,15.180934645573704,67653.0388408119,12318.047657252362,3381.8405803272335
2070-06-01,5.0,9.0,9999.0,7.33,9.9,12.1,2.3,4.37,6.9,1.0,493034.25150992395,0.0,493034.25150992395,1143080.0,0.0,0.0,21.319120364192948,28.785312491660484,35.182048600918364,7.360311548524567,13.984591942196676,22.080934645573706,9.344917974580842,12.615639265684138,15.419114658058387,2.793491214806407,5.307633308132173,8.38047364441922,13.989120364192948,18.885312491660482,23.082048600918363,5.0603115485245675,9.614591942196677,15.180934645573704,72939.62670420384,14379.18438421658,3907.6403270732117
2070-07-01,5.0,9.0,9999.0,7.33,9.9,12.1,2.3,4.37,6.9,1.0,493034.25150992395,0.0,493034.25150992395,1143080.0,0.0,0.0,21.319120364192948,28.785312491660484,35.182048600918364,7.360311548524567,13.984591942196676,22.080934645573706,9.344917974580842,12.615639265684138,15.419114658058387,2.793491214806407,5.307633308132173,8.38047364441922,13.989120364192948,18.885312491660482,23.082048600918363,5.0603115485245675,9.614591942196677,15.180934645573704,77917.21769443549,16710.98733604866,4527.843005959445
2070-08-01,5.0,9.0,9999.0,7.33,9.9,12.1,2.3,4.37,6.9,1.0,493034.25150992395,0.0,493034.25150992395,1143080.0,0.0,0.0,21.319120364192948,28.785312491660484,35.182048600918364,7.360311548524567,13.984591942196676,22.080934645573706,9.344917974580842,12.615639265684138,15.419114658058387,2.793491214806407,5.307633308132173,8.38047364441922,13.989120364192948,18.885312491660482,23.082048600918363,5.0603115485245675,9.614591942196677,15.180934645573704,79275.68515966083,17427.106658259738,4719.949203777117
2070-09-01,5.0,9.0,9999.0,7.33,9.9,12.1,2.3,4.37,6.9,1.0,493034.25150992395,0.0,493034.25150992395,1143080.0,0.0,0.0,21.319120364192948,28.785312491660484,35.182048600918364,7.360311548524567,13.984591942196676,22.080934645573706,9.344917974580842,12.615639265684138,15.419114658058387,2.793491214806407,5.307633308132173,8.38047364441922,13.989120364192948,18.885312491660482,23.082048600918363,5.0603115485245675,9.614591942196677,15.180934645573704,76427.53130296886,15965.531101159962,4328.311023024458
